company_name,business_no,m202411_job_code,m202411_annual_salary,m202411_new_hires,m202411_separations,m202412_job_code,m202412_annual_salary,m202412_new_hires,m202412_separations,m202501_job_code,m202501_annual_salary,m202501_new_hires,m202501_separations,m202502_job_code,m202502_annual_salary,m202502_new_hires,m202502_separations,m202503_job_code,m202503_annual_salary,m202503_new_hires,m202503_separations,m202504_job_code,m202504_annual_salary,m202504_new_hires,m202504_separations,m202505_job_code,m202505_annual_salary,m202505_new_hires,m202505_separations,m202506_job_code,m202506_annual_salary,m202506_new_hires,m202506_separations,m202507_job_code,m202507_annual_salary,m202507_new_hires,m202507_separations,m202508_job_code,m202508_annual_salary,m202508_new_hires,m202508_separations,m202509_job_code,m202509_annual_salary,m202509_new_hires,m202509_separations,m202510_job_code,m202510_annual_salary,m202510_new_hires,m202510_separations
(사)교도통신사한국연락사무소,903840,5.0,2175740.0,0.0,0.0,5.0,2175740.0,0.0,0.0,5.0,2175740.0,0.0,0.0,5.0,2175740.0,0.0,0.0,5.0,2175740.0,0.0,0.0,5.0,2175740.0,0.0,0.0,5.0,2175740.0,0.0,0.0,5.0,2175740.0,0.0,0.0,5.0,2268800.0,0.0,0.0,5.0,2268800.0,0.0,0.0,5.0,2268800.0,0.0,0.0,5,2268800.0,0.0,0.0
(주)사키코퍼레이션한국주재원사무소,902840,3.0,1399940.0,0.0,0.0,3.0,1399940.0,0.0,0.0,3.0,1399940.0,0.0,0.0,3.0,1399940.0,0.0,0.0,3.0,1399940.0,0.0,0.0,3.0,1399940.0,0.0,0.0,3.0,1399940.0,0.0,0.0,3.0,1399940.0,0.0,0.0,3.0,1524680.0,0.0,0.0,3.0,1524680.0,0.0,0.0,3.0,1524680.0,0.0,0.0,3,1524680.0,0.0,0.0
(주)시그마에이에스엘리미티드연락사무소,910840,3.0,1186280.0,0.0,0.0,3.0,1186280.0,0.0,0.0,3.0,1186280.0,0.0,0.0,3.0,1186280.0,0.0,0.0,3.0,1186280.0,0.0,0.0,3.0,1186280.0,0.0,1.0,3.0,1168280.0,1.0,0.0,3.0,1168280.0,0.0,0.0,3.0,1190780.0,0.0,0.0,3.0,1190780.0,0.0,0.0,3.0,1190780.0,0.0,0.0,3,1190780.0,0.0,0.0
(주)아사히신문사서울지국,908840,3.0,1662200.0,0.0,0.0,3.0,1662200.0,0.0,0.0,3.0,1662200.0,0.0,0.0,3.0,1662200.0,0.0,0.0,3.0,1662200.0,0.0,0.0,3.0,1662200.0,0.0,0.0,3.0,1662200.0,0.0,0.0,3.0,1662200.0,0.0,0.0,3.0,1698280.0,0.0,0.0,3.0,1698280.0,0.0,0.0,3.0,1698280.0,0.0,0.0,3,1698280.0,0.0,0.0
(주)제이티시한국지사,909840,3.0,695320.0,0.0,0.0,3.0,695320.0,0.0,0.0,3.0,695320.0,0.0,0.0,3.0,695320.0,0.0,0.0,3.0,695320.0,0.0,0.0,3.0,695320.0,0.0,0.0,3.0,695320.0,0.0,0.0,3.0,695320.0,0.0,0.0,3.0,769400.0,0.0,0.0,3.0,769400.0,0.0,0.0,3.0,769400.0,0.0,0.0,3,769400.0,0.0,0.0
(주)테레비아사히서울지국,905840,6.0,2858020.0,0.0,0.0,6.0,2858020.0,0.0,0.0,6.0,2858020.0,0.0,0.0,6.0,2858020.0,0.0,0.0,6.0,2858020.0,0.0,0.0,6.0,2712940.0,0.0,0.0,6.0,2712940.0,0.0,0.0,6.0,2712940.0,0.0,0.0,6.0,2820760.0,0.0,0.0,6.0,2820760.0,0.0,0.0,6.0,2820760.0,0.0,0.0,6,2820760.0,0.0,0.0
AFP통신서울지국,908840,15.0,6344320.0,0.0,0.0,15.0,6344320.0,0.0,0.0,15.0,6344320.0,0.0,0.0,15.0,6344320.0,0.0,0.0,15.0,6344320.0,0.0,0.0,15.0,6344320.0,0.0,0.0,15.0,6344320.0,0.0,0.0,15.0,6344320.0,0.0,0.0,15.0,6731840.0,0.0,0.0,15.0,6731840.0,0.0,0.0,15.0,6731840.0,0.0,0.0,15,6731840.0,0.0,1.0
APU한국사무소,909840,4.0,1667660.0,0.0,0.0,4.0,1667660.0,0.0,0.0,4.0,1667660.0,0.0,0.0,4.0,1667660.0,0.0,0.0,4.0,1667660.0,0.0,0.0,4.0,1667660.0,0.0,1.0,3.0,1248360.0,0.0,0.0,3.0,1248360.0,0.0,0.0,3.0,1285540.0,0.0,0.0,3.0,1285540.0,0.0,0.0,3.0,1285540.0,0.0,0.0,3,1285540.0,0.0,0.0
BENSON LTD 한국연락사무소,908840,3.0,1457820.0,0.0,0.0,3.0,1457820.0,0.0,0.0,3.0,1457820.0,0.0,0.0,3.0,1457820.0,0.0,0.0,3.0,1457820.0,0.0,0.0,3.0,1457820.0,0.0,0.0,3.0,1457820.0,0.0,0.0,3.0,1457820.0,0.0,0.0,3.0,1508120.0,0.0,0.0,3.0,1508120.0,0.0,0.0,3.0,1508120.0,0.0,0.0,3,1508120.0,0.0,0.0
BizFlowCorp,904840,23.0,7767360.0,0.0,0.0,23.0,7767360.0,0.0,0.0,23.0,7767360.0,0.0,0.0,23.0,7767360.0,0.0,0.0,23.0,7767360.0,0.0,0.0,23.0,7767360.0,0.0,0.0,23.0,7767360.0,0.0,0.0,23.0,7767360.0,0.0,0.0,23.0,7949780.0,0.0,0.0,23.0,7949780.0,0.0,0.0,23.0,7949780.0,0.0,0.0,23,7949780.0,0.0,0.0
CBOLCorp한국연락사무소,904840,4.0,1259260.0,0.0,0.0,4.0,1259260.0,0.0,0.0,4.0,1259260.0,0.0,0.0,4.0,1259260.0,0.0,1.0,3.0,1016540.0,0.0,0.0,4.0,1187180.0,1.0,0.0,4.0,1187180.0,0.0,0.0,5.0,1469320.0,1.0,0.0,5.0,1494080.0,0.0,0.0,5.0,1494080.0,0.0,0.0,5.0,1494080.0,0.0,0.0,5,1494080.0,0.0,0.0
CalyxTechnologyInc．한국사무소,907840,15.0,4870100.0,0.0,0.0,15.0,4870100.0,0.0,0.0,15.0,4870100.0,0.0,1.0,14.0,4515680.0,0.0,0.0,14.0,4515680.0,0.0,0.0,14.0,4515680.0,0.0,0.0,14.0,4515680.0,0.0,0.0,14.0,4515680.0,0.0,0.0,14.0,4662180.0,0.0,0.0,14.0,4662180.0,0.0,0.0,14.0,4662180.0,0.0,0.0,14,4662180.0,0.0,0.0
FraunhoferRepresentativeOfficeKorea,910840,6.0,2202200.0,0.0,0.0,6.0,2202200.0,0.0,1.0,5.0,2104640.0,0.0,0.0,5.0,2104640.0,0.0,0.0,5.0,2104640.0,0.0,0.0,5.0,2104640.0,0.0,0.0,5.0,2104640.0,0.0,0.0,5.0,2104640.0,0.0,0.0,6.0,2231080.0,1.0,0.0,6.0,2231080.0,0.0,0.0,6.0,2231080.0,0.0,0.0,6,2231080.0,0.0,0.0
GMTKOREA,910840,10.0,4876640.0,0.0,0.0,10.0,4876640.0,0.0,1.0,10.0,4876640.0,1.0,0.0,10.0,4876640.0,0.0,0.0,10.0,4876640.0,0.0,0.0,10.0,4876640.0,0.0,0.0,10.0,4876640.0,0.0,0.0,10.0,4876640.0,0.0,0.0,10.0,4782580.0,0.0,0.0,10.0,4782580.0,0.0,0.0,10.0,4782580.0,0.0,2.0,8,4112000.0,0.0,0.0
KybunJoyaProduktionAG한국사무소,904840,3.0,999720.0,0.0,0.0,3.0,999720.0,0.0,0.0,3.0,999720.0,0.0,0.0,3.0,999720.0,0.0,0.0,3.0,999720.0,0.0,0.0,3.0,999720.0,0.0,0.0,3.0,999720.0,0.0,0.0,3.0,999720.0,0.0,0.0,3.0,1080360.0,0.0,0.0,3.0,1080360.0,0.0,0.0,3.0,1080360.0,0.0,1.0,0,,,
MEZMOKOREAOFFICE(한국사무소),905840,4.0,2042820.0,0.0,0.0,4.0,2042820.0,0.0,0.0,4.0,2042820.0,0.0,0.0,4.0,2042820.0,0.0,0.0,4.0,2042820.0,0.0,0.0,4.0,2042820.0,0.0,0.0,4.0,2042820.0,0.0,0.0,4.0,2042820.0,0.0,0.0,4.0,2142000.0,0.0,0.0,4.0,2142000.0,0.0,0.0,4.0,2142000.0,0.0,0.0,4,2142000.0,0.0,0.0
NHK서울지국,901840,5.0,2008760.0,0.0,0.0,5.0,2008760.0,0.0,0.0,5.0,2008760.0,0.0,0.0,5.0,2008760.0,0.0,0.0,5.0,2008760.0,0.0,0.0,5.0,2008760.0,0.0,0.0,5.0,2008760.0,0.0,0.0,5.0,2008760.0,0.0,0.0,5.0,2079980.0,0.0,0.0,5.0,2079980.0,0.0,0.0,5.0,2079980.0,0.0,0.0,5,2079980.0,0.0,0.0
SPPC한국연락사무소,901840,,,,,,,,,,,,,,,,,,,,,3.0,829420.0,1.0,0.0,3.0,829420.0,0.0,0.0,3.0,829420.0,0.0,1.0,,,,,,,,,,,,,0,,,
ScholasticInc．한국사무소,904840,7.0,3197140.0,1.0,0.0,7.0,3197140.0,0.0,0.0,7.0,3197140.0,0.0,1.0,6.0,2862980.0,0.0,0.0,6.0,2862980.0,0.0,0.0,6.0,2862980.0,0.0,0.0,6.0,2862980.0,0.0,0.0,6.0,2862980.0,0.0,0.0,6.0,2939740.0,0.0,0.0,6.0,2939740.0,0.0,0.0,6.0,2939740.0,0.0,0.0,7,3033780.0,1.0,0.0
TPK universal solutions limited,907840,6.0,2539320.0,0.0,0.0,6.0,2539320.0,0.0,0.0,6.0,2539320.0,0.0,0.0,6.0,2539320.0,0.0,0.0,6.0,2539320.0,0.0,0.0,6.0,2539320.0,0.0,1.0,5.0,2237280.0,0.0,0.0,5.0,2237280.0,0.0,0.0,5.0,2375620.0,0.0,0.0,5.0,2375620.0,0.0,0.0,5.0,2375620.0,0.0,0.0,5,2375620.0,0.0,0.0
TaiwanTradeCenter Seoul,902840,4.0,1200860.0,0.0,0.0,4.0,1200860.0,0.0,0.0,4.0,1200860.0,0.0,0.0,4.0,1200860.0,0.0,0.0,4.0,1200860.0,0.0,0.0,4.0,1200860.0,0.0,0.0,4.0,1200860.0,0.0,0.0,4.0,1200860.0,0.0,0.0,4.0,1246120.0,0.0,0.0,4.0,1246120.0,0.0,0.0,4.0,1246120.0,0.0,0.0,4,1246120.0,0.0,0.0
USFI한국연락사무소,910840,18.0,7140280.0,0.0,0.0,18.0,7140280.0,0.0,0.0,18.0,7140280.0,0.0,0.0,18.0,7140280.0,0.0,0.0,18.0,7140280.0,0.0,0.0,18.0,7140280.0,0.0,1.0,18.0,7115880.0,1.0,1.0,17.0,6631860.0,0.0,1.0,16.0,6490980.0,0.0,1.0,15.0,6290380.0,0.0,0.0,15.0,6290380.0,0.0,0.0,15,6290380.0,0.0,0.0
가미고퍼블리싱코리아,907840,3.0,1665900.0,0.0,0.0,3.0,1665900.0,0.0,0.0,3.0,1665900.0,0.0,0.0,3.0,1665900.0,0.0,0.0,3.0,1665900.0,0.0,0.0,3.0,1665900.0,0.0,0.0,3.0,1665900.0,0.0,0.0,3.0,1665900.0,0.0,0.0,3.0,1719900.0,0.0,0.0,3.0,1719900.0,0.0,0.0,3.0,1719900.0,0.0,0.0,3,1719900.0,0.0,0.0
강음통리광전과기유한공사,903840,3.0,1370880.0,0.0,0.0,3.0,1370880.0,0.0,1.0,,,,,,,,,,,,,,,,,,,,,,,,,,,,,,,,,,,,,3,1124440.0,1.0,1.0
게이트웨이(GATEWAYDEVELOPMENTSERVICES)한국연락사무소,908840,3.0,1144780.0,0.0,0.0,3.0,1144780.0,0.0,0.0,3.0,1144780.0,0.0,0.0,3.0,1144780.0,0.0,0.0,3.0,1144780.0,0.0,0.0,3.0,1144780.0,0.0,0.0,3.0,1144780.0,0.0,0.0,3.0,1144780.0,0.0,0.0,3.0,1246660.0,0.0,0.0,3.0,1246660.0,0.0,0.0,3.0,1246660.0,0.0,0.0,3,1246660.0,0.0,0.0
공익재단법인오키나와현산업진흥공사서울사무소,907840,3.0,789720.0,0.0,0.0,3.0,789720.0,0.0,0.0,3.0,789720.0,0.0,0.0,3.0,789720.0,0.0,0.0,3.0,789720.0,0.0,0.0,3.0,789720.0,0.0,0.0,3.0,789720.0,0.0,0.0,3.0,789720.0,0.0,0.0,3.0,815120.0,0.0,0.0,3.0,815120.0,0.0,0.0,3.0,815120.0,0.0,0.0,3,815120.0,0.0,0.0
관동화성공업(주)한국사무소,905840,3.0,1089880.0,0.0,0.0,3.0,1089880.0,0.0,0.0,3.0,1089880.0,0.0,0.0,4.0,1409740.0,1.0,1.0,3.0,914380.0,0.0,0.0,3.0,914380.0,0.0,0.0,3.0,914380.0,0.0,0.0,3.0,914380.0,0.0,0.0,3.0,946700.0,0.0,0.0,3.0,946700.0,0.0,0.0,3.0,946700.0,0.0,0.0,3,946700.0,0.0,0.0
국제공화연구소(IRI)한국대표사무소,910840,3.0,849500.0,0.0,0.0,3.0,849500.0,0.0,0.0,3.0,849500.0,0.0,0.0,3.0,849500.0,0.0,0.0,3.0,849500.0,0.0,0.0,3.0,849500.0,0.0,2.0,,,,,,,,,,,,,,,,,,,,,0,,,
굿네이버스글로벌파트너십센터한국사무소,904840,38.0,10212300.0,1.0,3.0,37.0,10087020.0,2.0,1.0,42.0,11424140.0,6.0,1.0,41.0,11100500.0,0.0,0.0,41.0,11100500.0,0.0,0.0,41.0,11100500.0,0.0,1.0,40.0,11012480.0,0.0,5.0,35.0,10149740.0,0.0,3.0,33.0,10573940.0,1.0,1.0,32.0,10301520.0,0.0,0.0,33.0,10585920.0,1.0,0.0,33,10585920.0,0.0,0.0
글로하우홀딩스연락사무소,905840,5.0,2603420.0,0.0,0.0,5.0,2603420.0,0.0,0.0,6.0,3158720.0,1.0,0.0,6.0,3158720.0,0.0,1.0,6.0,2923200.0,1.0,1.0,5.0,2367900.0,0.0,0.0,5.0,2367900.0,0.0,0.0,5.0,2367900.0,0.0,1.0,4.0,1983600.0,0.0,1.0,4.0,1689300.0,1.0,0.0,5.0,2262600.0,1.0,0.0,5,2262600.0,0.0,0.0
글린트캐미칼코리아,909840,8.0,4442400.0,0.0,7.0,0.0,0.0,0.0,1.0,,,,,,,,,,,,,,,,,,,,,,,,,,,,,,,,,,,,,0,,,
나비타스글로벌한국사무소,904840,3.0,1444660.0,0.0,0.0,3.0,1444660.0,0.0,0.0,3.0,1444660.0,0.0,0.0,3.0,1444660.0,0.0,0.0,3.0,1444660.0,0.0,0.0,3.0,1444660.0,0.0,0.0,3.0,1444660.0,0.0,0.0,3.0,1444660.0,0.0,0.0,3.0,1501560.0,0.0,0.0,3.0,1501560.0,0.0,0.0,3.0,1501560.0,0.0,0.0,3,1501560.0,0.0,0.0
나우콤글로벌서비스코리아엘엘씨한국연락사무소,902840,7.0,3797540.0,0.0,0.0,7.0,3797540.0,0.0,0.0,7.0,3797540.0,0.0,0.0,7.0,3797540.0,0.0,0.0,7.0,3797540.0,0.0,1.0,6.0,3242240.0,0.0,0.0,6.0,3242240.0,0.0,0.0,7.0,3539240.0,1.0,0.0,7.0,3591180.0,0.0,1.0,7.0,3591180.0,1.0,0.0,7.0,3591180.0,0.0,0.0,7,3591180.0,0.0,1.0
남경철강집단국제무역유한공사한국연락사무소,909840,3.0,541780.0,0.0,0.0,3.0,541780.0,0.0,0.0,3.0,541780.0,0.0,0.0,3.0,541780.0,0.0,0.0,4.0,586780.0,1.0,0.0,4.0,586780.0,0.0,0.0,4.0,586780.0,0.0,0.0,4.0,586780.0,0.0,0.0,4.0,811700.0,0.0,0.0,4.0,811700.0,0.0,0.0,4.0,811700.0,0.0,0.0,4,811700.0,0.0,0.0
노르딕세미컨덕터에이에스에이,909840,4.0,2221200.0,0.0,0.0,4.0,2221200.0,0.0,4.0,,,,,,,,,,,,,0.0,0.0,0.0,0.0,,,,,,,,,,,,,,,,,,,,,0,,,
노밸리드코리아 REP (NOVALED KOREA REP. OFFICE),901840,3.0,1525500.0,0.0,0.0,3.0,1525500.0,0.0,0.0,3.0,1525500.0,0.0,0.0,3.0,1525500.0,0.0,0.0,3.0,1525500.0,0.0,0.0,3.0,1525500.0,0.0,0.0,3.0,1525500.0,0.0,0.0,3.0,1525500.0,0.0,0.0,3.0,1570680.0,0.0,0.0,3.0,1570680.0,0.0,0.0,3.0,1570680.0,0.0,0.0,3,1570680.0,0.0,0.0
뉴랜드코리아,902840,3.0,1252520.0,0.0,0.0,3.0,1252520.0,0.0,0.0,3.0,1252520.0,0.0,0.0,3.0,1252520.0,0.0,0.0,3.0,1252520.0,0.0,0.0,3.0,1252520.0,0.0,0.0,3.0,1252520.0,0.0,0.0,3.0,1252520.0,0.0,0.0,3.0,1362140.0,0.0,0.0,3.0,1362140.0,0.0,0.0,3.0,1362140.0,0.0,0.0,3,1362140.0,0.0,0.0
뉴웨이브코리아,906840,17.0,4629460.0,2.0,0.0,22.0,5889460.0,5.0,0.0,22.0,5889460.0,0.0,2.0,20.0,5385460.0,0.0,0.0,20.0,5385460.0,0.0,0.0,20.0,5385460.0,0.0,0.0,20.0,5385460.0,0.0,0.0,23.0,6393460.0,3.0,0.0,23.0,7226920.0,0.0,0.0,24.0,7621740.0,1.0,0.0,24.0,7621740.0,0.0,0.0,24,7621740.0,0.0,0.0
뉴타임즈디벨로프먼트리미티드,908840,,,,,3.0,1381760.0,1.0,0.0,3.0,1381760.0,0.0,0.0,3.0,1381760.0,0.0,0.0,3.0,1381760.0,0.0,0.0,3.0,1381760.0,0.0,0.0,3.0,1381760.0,0.0,0.0,3.0,1381760.0,0.0,0.0,3.0,1387060.0,0.0,0.0,3.0,1387060.0,0.0,0.0,3.0,1387060.0,0.0,0.0,3,1387060.0,0.0,0.0
니혼테레비방송망(주) 서울지국,909840,5.0,2494700.0,0.0,0.0,5.0,2494700.0,0.0,0.0,5.0,2494700.0,0.0,0.0,5.0,2494700.0,0.0,0.0,5.0,2494700.0,0.0,0.0,5.0,2494700.0,0.0,0.0,5.0,2494700.0,0.0,0.0,5.0,2494700.0,0.0,0.0,5.0,2682540.0,0.0,0.0,5.0,2682540.0,0.0,0.0,5.0,2682540.0,0.0,0.0,5,2682540.0,0.0,0.0
닝보진티앤코퍼그룹주식유한회사한국사무소,902840,4.0,1707460.0,1.0,0.0,4.0,1707460.0,0.0,0.0,5.0,2214420.0,1.0,0.0,5.0,2214420.0,0.0,0.0,5.0,2214420.0,0.0,0.0,5.0,2214420.0,0.0,0.0,5.0,2214420.0,0.0,0.0,5.0,2214420.0,0.0,0.0,6.0,2852340.0,1.0,0.0,6.0,2852340.0,0.0,0.0,6.0,2852340.0,0.0,0.0,6,2852340.0,0.0,0.0
다쉥인터내셔널주식회사(연락사무소),906840,3.0,1303740.0,0.0,0.0,3.0,1303740.0,0.0,0.0,3.0,1303740.0,0.0,0.0,3.0,1303740.0,0.0,0.0,3.0,1303740.0,0.0,1.0,,,,,,,,,,,,,,,,,,,,,,,,,0,,,
다우존스앤컴퍼니,906840,4.0,2203820.0,0.0,0.0,4.0,2203820.0,0.0,0.0,4.0,2203820.0,0.0,0.0,4.0,2203820.0,0.0,0.0,4.0,2203820.0,0.0,0.0,4.0,2203820.0,0.0,0.0,4.0,2203820.0,0.0,1.0,3.0,1648520.0,0.0,0.0,4.0,2269880.0,1.0,0.0,5.0,2843180.0,1.0,0.0,5.0,2843180.0,0.0,0.0,5,2843180.0,0.0,0.0
대원케미칼비나코리아,909840,3.0,945240.0,0.0,0.0,3.0,945240.0,0.0,0.0,3.0,945240.0,0.0,1.0,,,,,,,,,,,,,,,,,,,,,,,,,,,,,,,,,0,,,
더그레이터위니펙소사이어티포크리스천에듀케이션(분사무소),905840,81.0,26830420.0,0.0,0.0,82.0,26866140.0,1.0,0.0,83.0,27091140.0,1.0,1.0,83.0,27262420.0,1.0,0.0,83.0,27262420.0,0.0,0.0,83.0,27262420.0,0.0,0.0,83.0,27262420.0,0.0,0.0,83.0,27262420.0,0.0,2.0,81.0,28265760.0,0.0,0.0,81.0,28265760.0,0.0,2.0,88.0,30191860.0,9.0,2.0,86,29605080.0,0.0,0.0
더월드폴리오(THE WORLDFOLIO PTE. LTD.) 한국사무소,904840,3.0,897120.0,0.0,0.0,3.0,897120.0,0.0,0.0,3.0,897120.0,0.0,1.0,,,,,3.0,828720.0,1.0,0.0,3.0,828720.0,0.0,0.0,3.0,828720.0,0.0,0.0,4.0,1080720.0,1.0,0.0,4.0,1210040.0,0.0,0.0,4.0,1210040.0,0.0,1.0,3.0,958040.0,0.0,1.0,0,,,
델로인더스트리얼어드히시브즈한국연락사무소,909840,4.0,2024720.0,0.0,0.0,4.0,2024720.0,0.0,0.0,4.0,2024720.0,0.0,0.0,4.0,2024720.0,0.0,0.0,4.0,2024720.0,0.0,0.0,6.0,3112180.0,2.0,0.0,6.0,3112180.0,0.0,0.0,6.0,3112180.0,0.0,0.0,6.0,3233320.0,0.0,0.0,6.0,3233320.0,0.0,0.0,6.0,3233320.0,0.0,0.0,6,3233320.0,0.0,0.0
디쉬네트워크엘엘씨한국사무소,903840,5.0,2776500.0,0.0,0.0,5.0,2776500.0,0.0,0.0,5.0,2776500.0,0.0,0.0,5.0,2776500.0,0.0,1.0,4.0,2221200.0,0.0,0.0,4.0,2221200.0,0.0,0.0,4.0,2221200.0,0.0,0.0,4.0,2221200.0,0.0,0.0,4.0,2293200.0,0.0,0.0,4.0,2293200.0,0.0,0.0,4.0,2293200.0,0.0,0.0,4,2293200.0,0.0,3.0
디안인스글로벌아시아마케팅,905840,3.0,1235600.0,1.0,1.0,,,,,,,,,,,,,,,,,,,,,,,,,,,,,,,,,,,,,,,,,0,,,
딥시그널엘엘씨(DeepsignalLLC)한국지점,909840,7.0,3080240.0,2.0,0.0,8.0,3302180.0,1.0,0.0,8.0,3302180.0,0.0,0.0,8.0,3302180.0,0.0,0.0,9.0,3554180.0,1.0,0.0,11.0,4496480.0,2.0,0.0,13.0,5094880.0,2.0,2.0,11.0,4418440.0,0.0,1.0,11.0,4576200.0,1.0,0.0,12.0,5080200.0,1.0,0.0,13.0,5269200.0,1.0,0.0,13,5269200.0,0.0,0.0
라디오프리아시아한국사무소,906840,12.0,4878200.0,0.0,0.0,12.0,4878200.0,0.0,1.0,11.0,4513880.0,0.0,0.0,11.0,4513880.0,0.0,0.0,11.0,4513880.0,0.0,0.0,11.0,4513880.0,0.0,0.0,11.0,4513880.0,0.0,1.0,10.0,4166400.0,0.0,0.0,10.0,4581480.0,0.0,9.0,,,,,,,,,0,,,
레야드홍콩국제유한회사,906840,8.0,2664540.0,0.0,1.0,7.0,2385540.0,0.0,0.0,7.0,2385540.0,0.0,0.0,7.0,2385540.0,0.0,0.0,7.0,2385540.0,0.0,0.0,7.0,2385540.0,0.0,0.0,7.0,2385540.0,0.0,0.0,7.0,2385540.0,0.0,0.0,7.0,3082900.0,0.0,0.0,7.0,3082900.0,0.0,0.0,7.0,3082900.0,0.0,0.0,9,3463680.0,2.0,0.0
리치웨이브 테크놀러지 유한공사,910840,,,,,,,,,,,,,,,,,,,,,,,,,,,,,,,,,,,,,,,,,,,,,3,1719900.0,1.0,0.0
마린스튜어드쉽카운슬코리아연락사무소,903840,4.0,1688020.0,0.0,0.0,4.0,1688020.0,0.0,0.0,4.0,1688020.0,0.0,0.0,4.0,1688020.0,0.0,0.0,4.0,1688020.0,0.0,0.0,4.0,1688020.0,0.0,0.0,4.0,1688020.0,0.0,0.0,5.0,2163400.0,1.0,0.0,5.0,2219200.0,0.0,0.0,5.0,2219200.0,0.0,0.0,5.0,2219200.0,0.0,0.0,5,2219200.0,0.0,0.0
마스터국제물류한국연락사무소,903840,,,,,,,,,,,,,,,,,,,,,3.0,689400.0,1.0,1.0,,,,,,,,,,,,,,,,,3.0,803700.0,1.0,0.0,3,803700.0,0.0,0.0
말레이시아관광진흥청,910840,6.0,2469020.0,0.0,0.0,6.0,2469020.0,0.0,0.0,6.0,2469020.0,0.0,0.0,6.0,2469020.0,0.0,0.0,6.0,2469020.0,0.0,0.0,6.0,2469020.0,0.0,0.0,6.0,2469020.0,0.0,1.0,5.0,2253480.0,0.0,0.0,5.0,2294080.0,0.0,0.0,6.0,2509620.0,1.0,0.0,6.0,2509620.0,0.0,0.0,6,2509620.0,0.0,0.0
머저마켓오버씨즈리미티즈한국연락사무소,908840,3.0,1113920.0,0.0,1.0,,,,,,,,,,,,,,,,,,,,,,,,,,,,,,,,,,,,,,,,,0,,,
메노나이트 중앙위원회 동북아시아지부 (MCC Northeast Asia),901840,,,,,,,,,,,,,,,,,,,,,4.0,1069020.0,2.0,0.0,4.0,1069020.0,0.0,0.0,4.0,1069020.0,0.0,0.0,4.0,1129220.0,0.0,0.0,4.0,1129220.0,0.0,1.0,3.0,958220.0,0.0,0.0,3,958220.0,0.0,0.0
메디슨트레이딩,907840,4.0,1257360.0,0.0,0.0,4.0,1257360.0,0.0,0.0,4.0,1257360.0,0.0,0.0,4.0,1257360.0,0.0,0.0,4.0,1257360.0,0.0,1.0,3.0,834360.0,0.0,0.0,3.0,834360.0,0.0,0.0,3.0,834360.0,0.0,0.0,3.0,831940.0,0.0,0.0,3.0,831940.0,0.0,0.0,3.0,831940.0,0.0,0.0,3,831940.0,0.0,0.0
멕센드테크놀로지스홍콩주식회사(한국사무소),903840,5.0,2776500.0,0.0,0.0,5.0,2776500.0,0.0,0.0,5.0,2776500.0,0.0,0.0,5.0,2776500.0,0.0,0.0,5.0,2776500.0,0.0,0.0,5.0,2776500.0,0.0,0.0,5.0,2776500.0,0.0,0.0,5.0,2776500.0,0.0,0.0,5.0,2866500.0,0.0,1.0,4.0,2293200.0,0.0,0.0,4.0,2293200.0,0.0,0.0,4,2293200.0,0.0,0.0
모나크 서울 연락사무소 MONARK SEOUL LIAISON OFFICE,909840,,,,,,,,,,,,,,,,,,,,,3.0,604420.0,3.0,0.0,3.0,604420.0,0.0,0.0,3.0,604420.0,0.0,0.0,3.0,604420.0,0.0,0.0,3.0,604420.0,0.0,0.0,3.0,604420.0,0.0,0.0,3,604420.0,0.0,0.0
미국소맥협회,909840,3.0,1584080.0,0.0,0.0,3.0,1584080.0,0.0,0.0,3.0,1584080.0,0.0,0.0,3.0,1584080.0,0.0,0.0,3.0,1584080.0,0.0,0.0,3.0,1584080.0,0.0,0.0,3.0,1584080.0,0.0,0.0,3.0,1584080.0,0.0,0.0,3.0,1672020.0,0.0,0.0,3.0,1672020.0,0.0,0.0,3.0,1672020.0,0.0,0.0,3,1672020.0,0.0,0.0
미국육류수출협회한국연락사무소,903840,11.0,4870120.0,3.0,0.0,11.0,4870120.0,0.0,0.0,11.0,4870120.0,0.0,0.0,11.0,4870120.0,0.0,0.0,11.0,4870120.0,0.0,0.0,11.0,4870120.0,0.0,0.0,11.0,4870120.0,0.0,0.0,11.0,4870120.0,0.0,0.0,11.0,5582680.0,0.0,0.0,11.0,5582680.0,0.0,0.0,11.0,5582680.0,0.0,0.0,11,5582680.0,0.0,0.0
민웰싱가포르한국사무소,904840,3.0,1213280.0,0.0,0.0,3.0,1213280.0,0.0,0.0,3.0,1213280.0,0.0,0.0,3.0,1213280.0,0.0,0.0,3.0,1213280.0,0.0,0.0,3.0,1213280.0,0.0,0.0,3.0,1213280.0,0.0,0.0,3.0,1213280.0,0.0,0.0,3.0,1460500.0,0.0,0.0,3.0,1460500.0,0.0,0.0,3.0,1460500.0,0.0,0.0,3,1460500.0,0.0,0.0
바스크트레이드앤인베스트먼트에스에이한국사무소,907840,3.0,1665900.0,0.0,0.0,3.0,1665900.0,0.0,0.0,3.0,1665900.0,0.0,0.0,3.0,1665900.0,0.0,0.0,3.0,1665900.0,0.0,0.0,3.0,1665900.0,0.0,0.0,3.0,1665900.0,0.0,0.0,3.0,1665900.0,0.0,0.0,3.0,1638440.0,0.0,1.0,,,,,,,,,0,,,
발스파싱가폴코퍼레이션피티이엘티디（사무소）,908840,5.0,2448700.0,0.0,0.0,5.0,2448700.0,0.0,0.0,5.0,2448700.0,0.0,0.0,5.0,2448700.0,0.0,0.0,5.0,2448700.0,0.0,0.0,5.0,2448700.0,0.0,0.0,5.0,2448700.0,0.0,0.0,5.0,2448700.0,0.0,0.0,5.0,2344480.0,0.0,0.0,5.0,2344480.0,0.0,0.0,5.0,2344480.0,0.0,0.0,5,2344480.0,0.0,0.0
밴칩테크놀리지한국사무소,901840,6.0,3331800.0,1.0,0.0,6.0,3331800.0,0.0,0.0,6.0,3331800.0,0.0,0.0,6.0,3331800.0,0.0,0.0,6.0,3331800.0,0.0,0.0,6.0,3331800.0,0.0,0.0,6.0,3331800.0,0.0,0.0,6.0,3331800.0,0.0,0.0,6.0,3439800.0,0.0,0.0,6.0,3439800.0,0.0,0.0,6.0,3439800.0,0.0,0.0,6,3439800.0,0.0,0.0
보사이오 트래블 리미티드(VOSAIO Travel Limited Korea Office),903840,,,,,,,,,,,,,,,,,,,,,,,,,,,,,,,,,3.0,1527300.0,3.0,0.0,3.0,1527300.0,0.0,0.0,3.0,1527300.0,0.0,0.0,3,1527300.0,0.0,1.0
보화통상(주)서울사무소,901840,,,,,,,,,,,,,,,,,,,,,3.0,964960.0,1.0,0.0,3.0,964960.0,0.0,0.0,3.0,964960.0,0.0,0.0,3.0,986740.0,0.0,0.0,3.0,986740.0,0.0,0.0,3.0,986740.0,0.0,0.0,4,1274100.0,1.0,1.0
브라이트 파워 반도체(홍콩)리미티드 한국사무소,907840,,,,,,,,,,,,,,,,,3.0,1665900.0,1.0,0.0,3.0,1665900.0,0.0,0.0,3.0,1665900.0,0.0,0.0,3.0,1665900.0,0.0,0.0,3.0,1719900.0,0.0,0.0,3.0,1719900.0,0.0,0.0,3.0,1719900.0,0.0,0.0,3,1719900.0,0.0,0.0
브런즈윅인터내셔널(BrunswickInternational),905840,3.0,1550880.0,0.0,0.0,3.0,1550880.0,0.0,0.0,3.0,1550880.0,0.0,0.0,3.0,1550880.0,0.0,0.0,3.0,1550880.0,0.0,0.0,3.0,1550880.0,0.0,0.0,3.0,1550880.0,0.0,0.0,3.0,1550880.0,0.0,0.0,3.0,1617020.0,0.0,0.0,3.0,1617020.0,0.0,0.0,3.0,1617020.0,0.0,0.0,3,1617020.0,0.0,0.0
블레싱벌크케리어즈서울사무소,910840,3.0,803340.0,0.0,0.0,3.0,803340.0,0.0,0.0,3.0,803340.0,0.0,0.0,3.0,803340.0,0.0,0.0,3.0,803340.0,0.0,0.0,3.0,803340.0,0.0,1.0,,,,,,,,,,,,,,,,,,,,,0,,,
비엣젯항공(주)연락사무소,910840,,,,,,,,,,,,,,,,,,,,,,,,,,,,,15.0,3510920.0,1.0,1.0,14.0,3548760.0,0.0,0.0,14.0,3548760.0,0.0,0.0,15.0,3776540.0,1.0,0.0,15,3776540.0,0.0,0.0
빈마코리아(주),907840,6.0,3193180.0,0.0,0.0,6.0,3193180.0,0.0,0.0,6.0,3193180.0,0.0,0.0,6.0,3193180.0,0.0,0.0,6.0,3193180.0,0.0,0.0,6.0,3193180.0,0.0,0.0,6.0,3193180.0,0.0,0.0,6.0,3193180.0,0.0,0.0,6.0,3439800.0,0.0,0.0,6.0,3439800.0,0.0,0.0,6.0,3439800.0,0.0,0.0,6,3439800.0,0.0,0.0
사가웰코에이에스(연락사무소),910840,8.0,3569100.0,0.0,0.0,8.0,3569100.0,0.0,0.0,8.0,3569100.0,0.0,0.0,8.0,3569100.0,0.0,0.0,8.0,3569100.0,0.0,0.0,8.0,3569100.0,0.0,0.0,8.0,3569100.0,0.0,0.0,8.0,3569100.0,0.0,0.0,8.0,3964920.0,0.0,0.0,8.0,3964920.0,0.0,0.0,8.0,3964920.0,0.0,0.0,8,3964920.0,0.0,0.0
사스테트인터내셔날게엠베하(연락사무소),902840,4.0,1760200.0,0.0,0.0,4.0,1760200.0,0.0,0.0,4.0,1760200.0,0.0,0.0,4.0,1760200.0,0.0,0.0,4.0,1760200.0,0.0,0.0,4.0,1760200.0,0.0,0.0,4.0,1760200.0,0.0,0.0,4.0,1760200.0,0.0,0.0,4.0,1779920.0,0.0,0.0,4.0,1779920.0,0.0,0.0,4.0,1779920.0,0.0,0.0,4,1779920.0,0.0,0.0
산코플랜텍,909840,,,,,,,,,,,,,,,,,,,,,,,,,,,,,,,,,,,,,,,,,3.0,926800.0,1.0,1.0,0,,,
샤드랩 서울,906840,13.0,4495740.0,1.0,2.0,11.0,4045740.0,0.0,0.0,13.0,5123040.0,2.0,0.0,13.0,5123040.0,0.0,1.0,15.0,5514540.0,3.0,0.0,15.0,5514540.0,0.0,0.0,16.0,6059040.0,1.0,1.0,15.0,5870040.0,0.0,0.0,17.0,6576940.0,2.0,0.0,19.0,6990940.0,2.0,0.0,19.0,6990940.0,0.0,3.0,17,6756140.0,1.0,1.0
석세스（SUCCESS）,909840,4.0,1491080.0,0.0,0.0,4.0,1491080.0,0.0,0.0,4.0,1491080.0,0.0,0.0,4.0,1491080.0,0.0,0.0,4.0,1491080.0,0.0,0.0,4.0,1491080.0,0.0,0.0,4.0,1491080.0,0.0,0.0,4.0,1491080.0,0.0,0.0,4.0,1561300.0,0.0,0.0,4.0,1561300.0,0.0,0.0,4.0,1561300.0,0.0,0.0,4,1561300.0,0.0,0.0
선에스에스씨한국사무소,905840,7.0,3107040.0,0.0,0.0,7.0,3107040.0,0.0,0.0,7.0,3107040.0,0.0,0.0,7.0,3107040.0,0.0,0.0,7.0,3107040.0,0.0,0.0,7.0,3107040.0,0.0,0.0,7.0,3107040.0,0.0,0.0,8.0,3429600.0,1.0,0.0,8.0,3633280.0,0.0,0.0,8.0,3633280.0,0.0,0.0,8.0,3633280.0,0.0,0.0,8,3633280.0,0.0,1.0
선전마이크로게이트테크놀로지주식회사,910840,6.0,3150540.0,0.0,0.0,6.0,3150540.0,0.0,0.0,6.0,3150540.0,0.0,1.0,5.0,2595240.0,0.0,0.0,5.0,2595240.0,0.0,0.0,5.0,2595240.0,0.0,0.0,5.0,2595240.0,0.0,0.0,5.0,2595240.0,0.0,0.0,5.0,2681460.0,0.0,0.0,5.0,2681460.0,0.0,1.0,4.0,2108160.0,0.0,0.0,4,2108160.0,0.0,0.0
선전챌운세미컨덕터연락사무소(SHENZHENCHALLWOONSEMICONDUCTORCO. LTD),910840,9.0,3852440.0,0.0,0.0,9.0,3852440.0,0.0,0.0,9.0,3852440.0,0.0,0.0,9.0,3852440.0,0.0,1.0,8.0,3352040.0,0.0,0.0,8.0,3352040.0,0.0,0.0,8.0,3352040.0,0.0,0.0,8.0,3352040.0,0.0,1.0,8.0,3228360.0,1.0,0.0,8.0,3228360.0,0.0,0.0,8.0,3228360.0,0.0,0.0,8,3228360.0,0.0,1.0
세계변호사협회아시아본부,906840,4.0,1105720.0,1.0,0.0,4.0,1105720.0,0.0,0.0,4.0,1105720.0,0.0,0.0,5.0,1294360.0,1.0,1.0,4.0,1090340.0,0.0,0.0,4.0,1090340.0,0.0,0.0,4.0,1090340.0,0.0,0.0,4.0,1090340.0,0.0,1.0,3.0,912960.0,0.0,0.0,4.0,1101600.0,1.0,0.0,5.0,1338480.0,1.0,1.0,4,1101600.0,0.0,0.0
세레신아이앤씨(연락사무소),909840,,,,,,,,,,,,,,,,,3.0,1665900.0,1.0,0.0,3.0,1665900.0,0.0,0.0,5.0,2776500.0,2.0,0.0,5.0,2776500.0,0.0,1.0,4.0,2293200.0,0.0,0.0,4.0,2293200.0,0.0,0.0,4.0,2293200.0,0.0,0.0,4,2293200.0,0.0,0.0
세종 자연 어린이집,910828,10.0,1893560.0,1.0,0.0,11.0,2110540.0,1.0,0.0,11.0,2110540.0,0.0,0.0,11.0,2110540.0,0.0,4.0,8.0,1689540.0,1.0,0.0,8.0,1689540.0,0.0,0.0,8.0,1689540.0,0.0,0.0,8.0,1689540.0,0.0,0.0,9.0,1900660.0,1.0,0.0,9.0,1900660.0,0.0,0.0,10.0,2108200.0,1.0,0.0,10,2108200.0,0.0,0.0
센트니얼주립대학극동아시아센터,909840,5.0,1057820.0,0.0,0.0,5.0,1057820.0,0.0,1.0,4.0,878640.0,0.0,0.0,4.0,878640.0,0.0,0.0,4.0,878640.0,0.0,0.0,5.0,1070600.0,1.0,1.0,4.0,784760.0,0.0,0.0,4.0,784760.0,0.0,0.0,4.0,784240.0,0.0,0.0,4.0,784240.0,0.0,0.0,4.0,784240.0,0.0,0.0,4,784240.0,0.0,1.0
소프트아이(SOFTEYE),903840,5.0,1674360.0,0.0,0.0,5.0,1674360.0,0.0,0.0,5.0,1674360.0,0.0,0.0,5.0,1674360.0,0.0,0.0,5.0,1674360.0,0.0,0.0,6.0,1903860.0,1.0,0.0,7.0,2155860.0,1.0,0.0,8.0,2587860.0,1.0,0.0,8.0,2556800.0,0.0,0.0,10.0,3449600.0,2.0,0.0,10.0,3554540.0,0.0,0.0,11,3896540.0,1.0,0.0
스미토모중기계공업한국조달연락사무소,909840,,,,,,,,,,,,,,,,,,,,,,,,,,,,,,,,,,,,,,,,,3.0,1179260.0,1.0,1.0,0,,,
스터디그룹유케이리미티드,908840,3.0,1139280.0,0.0,1.0,,,,,,,,,,,,,,,,,,,,,,,,,,,,,,,,,,,,,3.0,1268900.0,1.0,0.0,3,1268900.0,0.0,0.0
시노펙케미칼코머셜홀딩（홍콩）유한공사연락사무소,910840,,,,,,,,,,,,,,,,,,,,,3.0,1401740.0,2.0,0.0,3.0,1401740.0,0.0,0.0,3.0,1401740.0,0.0,0.0,3.0,1473480.0,0.0,0.0,3.0,1473480.0,0.0,0.0,3.0,1473480.0,0.0,0.0,3,1473480.0,0.0,0.0
시니어코리아,910840,5.0,2148380.0,0.0,0.0,5.0,2148380.0,0.0,0.0,5.0,2148380.0,0.0,1.0,4.0,1711880.0,0.0,0.0,4.0,1711880.0,0.0,0.0,5.0,2203280.0,1.0,0.0,5.0,2203280.0,0.0,0.0,5.0,2203280.0,0.0,0.0,7.0,3214520.0,2.0,0.0,7.0,3214520.0,0.0,0.0,7.0,3214520.0,0.0,0.0,7,3214520.0,0.0,0.0
신만굉원증권(홍콩)한국사무소,909840,6.0,3040460.0,0.0,0.0,6.0,3040460.0,0.0,0.0,6.0,3040460.0,0.0,0.0,6.0,3040460.0,0.0,0.0,6.0,3040460.0,0.0,0.0,6.0,3040460.0,0.0,0.0,6.0,3040460.0,0.0,0.0,6.0,3040460.0,0.0,0.0,6.0,3179700.0,0.0,0.0,6.0,3179700.0,0.0,0.0,6.0,3179700.0,0.0,0.0,6,3179700.0,0.0,0.0
신에츠엔지니어링 주식회사 한국사무소,904840,,,,,,,,,,,,,,,,,,,,,,,,,,,,,,,,,5.0,2042800.0,5.0,0.0,5.0,2042800.0,0.0,0.0,5.0,2042800.0,0.0,0.0,5,2042800.0,0.0,0.0
써플라이코어인크，한국사무소,902840,12.0,4835840.0,0.0,0.0,12.0,4835840.0,0.0,0.0,12.0,4835840.0,0.0,0.0,12.0,4835840.0,0.0,0.0,12.0,4835840.0,0.0,0.0,12.0,4835840.0,0.0,0.0,12.0,4835840.0,0.0,0.0,12.0,4835840.0,0.0,0.0,12.0,4970200.0,0.0,0.0,12.0,4970200.0,0.0,0.0,14.0,5442680.0,2.0,0.0,14,5442680.0,0.0,2.0
썬키스트코리아(SunkistKorea),901840,5.0,2338360.0,0.0,0.0,5.0,2338360.0,0.0,0.0,5.0,2338360.0,0.0,0.0,5.0,2338360.0,0.0,0.0,5.0,2338360.0,0.0,0.0,5.0,2338360.0,0.0,0.0,5.0,2338360.0,0.0,0.0,5.0,2338360.0,0.0,0.0,5.0,2386060.0,0.0,0.0,5.0,2386060.0,0.0,0.0,5.0,2386060.0,0.0,0.0,5,2386060.0,0.0,1.0
쑨웨이코리아,901840,8.0,2434900.0,0.0,0.0,9.0,2716860.0,1.0,0.0,9.0,2716860.0,0.0,0.0,9.0,2716860.0,0.0,0.0,11.0,3189160.0,2.0,0.0,11.0,3189160.0,0.0,0.0,11.0,3189160.0,0.0,0.0,11.0,3189160.0,0.0,0.0,11.0,3189980.0,0.0,1.0,10.0,3031220.0,0.0,0.0,11.0,3283220.0,1.0,0.0,11,3283220.0,0.0,1.0
씨 오일 페트롤리움 한국연락사무소,902840,,,,,,,,,,,,,,,,,,,,,,,,,,,,,,,,,,,,,3.0,1421900.0,1.0,0.0,3.0,1421900.0,0.0,0.0,3,1421900.0,0.0,0.0
씨아이이이서울사무소,902840,11.0,3329940.0,0.0,1.0,10.0,3029980.0,0.0,1.0,9.0,2474680.0,0.0,0.0,10.0,2714620.0,1.0,0.0,13.0,3502020.0,3.0,0.0,13.0,3502020.0,0.0,0.0,15.0,3997020.0,2.0,0.0,17.0,4740960.0,2.0,0.0,18.0,5465840.0,1.0,0.0,18.0,5465840.0,0.0,2.0,16.0,4831160.0,0.0,0.0,17,5404460.0,1.0,0.0
씨엔지알홍콩머트리얼사이언스테크놀러지한국연락사무소,903840,5.0,2425040.0,0.0,0.0,5.0,2425040.0,0.0,0.0,5.0,2425040.0,0.0,0.0,5.0,2425040.0,0.0,0.0,5.0,2425040.0,0.0,0.0,5.0,2425040.0,0.0,1.0,4.0,1869740.0,0.0,0.0,4.0,1869740.0,0.0,1.0,3.0,1356300.0,0.0,3.0,0.0,0.0,0.0,0.0,,,,,0,,,
씽크몰드 엔터프라이즈 코리아(SYNCMOLD ENTERPRISE KOREA),908840,,,,,,,,,,,,,,,,,,,,,,,,,,,,,,,,,3.0,1184940.0,2.0,0.0,3.0,1184940.0,0.0,0.0,3.0,1184940.0,0.0,1.0,0,,,
아랍은행서울사무소,909840,3.0,1527740.0,0.0,0.0,3.0,1527740.0,0.0,0.0,3.0,1527740.0,0.0,0.0,3.0,1527740.0,0.0,0.0,3.0,1527740.0,0.0,0.0,3.0,1527740.0,0.0,0.0,3.0,1527740.0,0.0,0.0,3.0,1527740.0,0.0,0.0,3.0,1647900.0,0.0,0.0,3.0,1647900.0,0.0,0.0,3.0,1647900.0,0.0,0.0,3,1647900.0,0.0,0.0
아이디얼패스너코리아,903840,6.0,2126140.0,0.0,0.0,7.0,2423140.0,1.0,1.0,6.0,2108140.0,0.0,0.0,6.0,2108140.0,0.0,0.0,6.0,2108140.0,0.0,1.0,6.0,2138100.0,1.0,0.0,6.0,2138100.0,0.0,0.0,6.0,2138100.0,0.0,0.0,8.0,2804520.0,2.0,1.0,7.0,2431660.0,0.0,2.0,6.0,2349400.0,1.0,1.0,7,2658360.0,2.0,0.0
아이알에스지 서울사무소,910840,5.0,2079340.0,0.0,0.0,5.0,2079340.0,0.0,0.0,5.0,2079340.0,0.0,0.0,5.0,2079340.0,0.0,0.0,5.0,2079340.0,0.0,0.0,5.0,2079340.0,0.0,0.0,5.0,2079340.0,0.0,0.0,5.0,2079340.0,0.0,0.0,5.0,2381560.0,0.0,0.0,5.0,2381560.0,0.0,0.0,5.0,2381560.0,0.0,0.0,5,2381560.0,0.0,0.0
아이티에스리미티드한국사무소,909840,5.0,2233960.0,0.0,0.0,5.0,2233960.0,0.0,0.0,5.0,2233960.0,0.0,0.0,5.0,2233960.0,0.0,0.0,5.0,2233960.0,0.0,0.0,5.0,2233960.0,0.0,0.0,5.0,2233960.0,0.0,1.0,4.0,1726820.0,0.0,0.0,4.0,1762920.0,0.0,0.0,4.0,1762920.0,0.0,0.0,4.0,1762920.0,0.0,0.0,4,1762920.0,0.0,0.0
안드로스에스앤씨대한민국연락사무소,903840,5.0,2034900.0,0.0,1.0,4.0,1479600.0,0.0,0.0,5.0,1958400.0,1.0,0.0,5.0,1958400.0,0.0,0.0,5.0,1958400.0,0.0,0.0,5.0,1958400.0,0.0,0.0,5.0,1958400.0,0.0,0.0,5.0,1958400.0,0.0,0.0,5.0,2166200.0,0.0,0.0,5.0,2166200.0,0.0,0.0,5.0,2166200.0,0.0,0.0,5,2166200.0,0.0,0.0
알모한국지사,902840,3.0,1240200.0,0.0,0.0,3.0,1240200.0,0.0,0.0,3.0,1240200.0,0.0,0.0,3.0,1240200.0,0.0,0.0,3.0,1240200.0,0.0,0.0,3.0,1240200.0,0.0,0.0,3.0,1240200.0,0.0,0.0,3.0,1240200.0,0.0,0.0,3.0,1037500.0,0.0,0.0,3.0,1037500.0,0.0,0.0,3.0,1037500.0,0.0,0.0,3,1037500.0,0.0,0.0
알에이아시아퍼시픽피티이엘티디,903840,,,,,,,,,,,,,0.0,0.0,0.0,0.0,,,,,,,,,,,,,,,,,,,,,,,,,,,,,0,,,
앤트랩스케이알(ANTLABSKR),906840,4.0,1489140.0,0.0,0.0,4.0,1489140.0,0.0,0.0,4.0,1489140.0,0.0,0.0,4.0,1489140.0,0.0,0.0,4.0,1489140.0,0.0,0.0,4.0,1489140.0,0.0,0.0,4.0,1489140.0,0.0,0.0,4.0,1489140.0,0.0,0.0,4.0,1607200.0,0.0,0.0,4.0,1607200.0,0.0,0.0,4.0,1607200.0,0.0,0.0,4,1607200.0,0.0,0.0
앰플레온네덜란드비브이 연락사무소,908840,,,,,,,,,,,,,,,,,,,,,,,,,,,,,,,,,,,,,,,,,3.0,1719900.0,1.0,0.0,3,1719900.0,0.0,1.0
에네오스 오션 쉽메니지먼트 부산연락사무소,901840,4.0,1921580.0,0.0,0.0,4.0,1921580.0,0.0,0.0,4.0,1921580.0,0.0,0.0,4.0,1921580.0,0.0,0.0,4.0,1921580.0,0.0,0.0,4.0,1921580.0,0.0,0.0,4.0,1921580.0,0.0,0.0,,,,,,,,,,,,,,,,,0,,,
에버인포메이션(주)한국연락사무소,907840,,,,,,,,,,,,,,,,,,,,,,,,,,,,,3.0,1048580.0,1.0,1.0,,,,,,,,,,,,,0,,,
에스로지비스코리아,910840,4.0,1576160.0,0.0,0.0,4.0,1576160.0,0.0,0.0,4.0,1576160.0,0.0,0.0,4.0,1576160.0,0.0,0.0,4.0,1576160.0,0.0,0.0,4.0,1576160.0,0.0,0.0,4.0,1576160.0,0.0,0.0,4.0,1576160.0,0.0,0.0,4.0,1605040.0,0.0,1.0,3.0,1253960.0,0.0,0.0,3.0,1253960.0,0.0,0.0,3,1253960.0,0.0,0.0
에이서 인코퍼레이티드 한국연락사무소,901840,3.0,976760.0,0.0,0.0,3.0,976760.0,0.0,0.0,3.0,976760.0,0.0,0.0,3.0,976760.0,0.0,0.0,3.0,976760.0,0.0,0.0,3.0,976760.0,0.0,0.0,3.0,976760.0,0.0,0.0,3.0,976760.0,0.0,0.0,4.0,1459680.0,1.0,0.0,4.0,1459680.0,0.0,1.0,4.0,1541300.0,1.0,0.0,4,1541300.0,0.0,0.0
에이엠씨 한국연락사무소,905840,3.0,1390140.0,0.0,0.0,3.0,1390140.0,0.0,0.0,3.0,1390140.0,0.0,0.0,3.0,1390140.0,0.0,0.0,3.0,1390140.0,0.0,0.0,3.0,1390140.0,0.0,0.0,3.0,1390140.0,0.0,0.0,3.0,1390140.0,0.0,0.0,3.0,1421540.0,0.0,1.0,,,,,4.0,1689020.0,2.0,0.0,4,1689020.0,0.0,0.0
에이치케이씨오버씨즈리미티드,903840,7.0,3416920.0,0.0,0.0,7.0,3416920.0,0.0,0.0,7.0,3416920.0,0.0,0.0,7.0,3416920.0,0.0,0.0,7.0,3416920.0,0.0,1.0,6.0,2968460.0,0.0,0.0,7.0,3430880.0,1.0,0.0,7.0,3430880.0,0.0,0.0,7.0,3539760.0,0.0,0.0,7.0,3539760.0,0.0,0.0,7.0,3539760.0,0.0,0.0,7,3539760.0,0.0,0.0
에이치티 리서치 케이알,905840,3.0,1485620.0,0.0,0.0,3.0,1485620.0,0.0,0.0,3.0,1485620.0,0.0,0.0,3.0,1485620.0,0.0,0.0,3.0,1485620.0,0.0,0.0,3.0,1485620.0,0.0,0.0,3.0,1485620.0,0.0,0.0,3.0,1485620.0,0.0,0.0,3.0,1518480.0,0.0,0.0,3.0,1518480.0,0.0,0.0,3.0,1518480.0,0.0,0.0,3,1518480.0,0.0,0.0
에이피통신사,910840,8.0,3642380.0,0.0,0.0,8.0,3642380.0,0.0,0.0,8.0,3642380.0,0.0,0.0,8.0,3642380.0,0.0,0.0,8.0,3642380.0,0.0,0.0,8.0,3642380.0,0.0,0.0,8.0,3642380.0,0.0,0.0,8.0,3642380.0,0.0,0.0,8.0,3851980.0,0.0,0.0,8.0,3851980.0,0.0,0.0,8.0,3851980.0,0.0,1.0,7,3542660.0,0.0,0.0
에이피피인터내셔날마케팅피티이리미티드,909840,11.0,5449400.0,0.0,0.0,11.0,5449400.0,0.0,0.0,11.0,5449400.0,0.0,0.0,11.0,5449400.0,0.0,0.0,11.0,5449400.0,0.0,0.0,11.0,5449400.0,0.0,0.0,11.0,5449400.0,0.0,0.0,11.0,5449400.0,0.0,0.0,12.0,6160580.0,1.0,0.0,12.0,6160580.0,0.0,0.0,12.0,6160580.0,0.0,0.0,12,6160580.0,0.0,0.0
에클루비(ECLUB IDIOMAS LTDA),909840,4.0,1129040.0,0.0,0.0,4.0,1129040.0,0.0,0.0,4.0,1129040.0,0.0,1.0,3.0,899900.0,0.0,0.0,3.0,899900.0,0.0,0.0,3.0,899900.0,0.0,0.0,3.0,899900.0,0.0,0.0,3.0,899900.0,0.0,0.0,3.0,894240.0,0.0,0.0,3.0,894240.0,0.0,1.0,,,,,0,,,
엔엠에스아이인크한국연락사무소,904840,25.0,7657420.0,0.0,0.0,26.0,8154220.0,1.0,1.0,25.0,7875220.0,0.0,0.0,26.0,8419720.0,1.0,0.0,26.0,8419720.0,0.0,0.0,26.0,8419720.0,0.0,2.0,25.0,7858480.0,1.0,0.0,25.0,7858480.0,0.0,0.0,25.0,8272640.0,0.0,0.0,27.0,8704640.0,2.0,1.0,27.0,8642360.0,1.0,2.0,26,8400900.0,1.0,1.0
엔와이케이 에너지 오션 쉽메니지먼트 부산연락사무소,901840,,,,,,,,,,,,,,,,,,,,,,,,,,,,,4.0,1921580.0,0.0,0.0,4.0,1980000.0,0.0,0.0,4.0,1980000.0,0.0,0.0,4.0,1980000.0,0.0,0.0,4,1980000.0,0.0,0.0
엔자자덴한국연락사무소,910840,3.0,1594440.0,0.0,0.0,3.0,1594440.0,0.0,0.0,3.0,1594440.0,0.0,0.0,3.0,1594440.0,0.0,0.0,3.0,1594440.0,0.0,0.0,3.0,1594440.0,0.0,0.0,3.0,1594440.0,0.0,0.0,3.0,1594440.0,0.0,0.0,3.0,1675340.0,0.0,0.0,3.0,1675340.0,0.0,0.0,3.0,1675340.0,0.0,0.0,3,1675340.0,0.0,0.0
엔케이컨설팅INC(NKCONSULTINGINC),904840,13.0,5668320.0,0.0,2.0,11.0,4757800.0,0.0,11.0,,,,,,,,,,,,,,,,,0.0,0.0,0.0,0.0,,,,,,,,,,,,,,,,,0,,,
엘리베이션 마이크로시스템즈,902840,,,,,,,,,,,,,,,,,,,,,,,,,,,,,3.0,1497600.0,1.0,0.0,3.0,1533600.0,0.0,0.0,3.0,1533600.0,0.0,0.0,3.0,1533600.0,0.0,0.0,3,1533600.0,0.0,0.0
엘쓰리해리스테크놀로지한국연락사무소,906840,,,,,,,,,,,,,,,,,,,,,,,,,,,,,,,,,3.0,1719900.0,1.0,0.0,3.0,1719900.0,0.0,0.0,3.0,1719900.0,0.0,0.0,3,1719900.0,0.0,0.0
엘앤피서울연락사무소,903840,3.0,745440.0,0.0,0.0,3.0,745440.0,0.0,0.0,3.0,745440.0,0.0,0.0,3.0,745440.0,0.0,0.0,3.0,745440.0,0.0,3.0,,,,,,,,,,,,,,,,,,,,,,,,,0,,,
엘엠에스(LMS)Inc,905840,3.0,905480.0,0.0,0.0,3.0,905480.0,0.0,0.0,3.0,905480.0,0.0,0.0,3.0,905480.0,0.0,0.0,3.0,905480.0,0.0,0.0,3.0,905480.0,0.0,0.0,3.0,905480.0,0.0,0.0,3.0,905480.0,0.0,0.0,3.0,976940.0,0.0,0.0,3.0,976940.0,0.0,0.0,3.0,976940.0,0.0,0.0,3,976940.0,0.0,0.0
영덕시대신능원과기고분유한공사한국사무소,908840,8.0,4253920.0,2.0,0.0,8.0,4253920.0,0.0,0.0,8.0,4253920.0,0.0,0.0,8.0,4253920.0,0.0,0.0,8.0,4253920.0,0.0,0.0,9.0,4809220.0,1.0,0.0,9.0,4809220.0,0.0,8.0,0.0,0.0,0.0,1.0,,,,,,,,,,,,,0,,,
오드펠탱커스에이에스(영업소),905840,3.0,1468620.0,0.0,0.0,3.0,1468620.0,0.0,0.0,3.0,1468620.0,0.0,0.0,3.0,1468620.0,0.0,0.0,3.0,1468620.0,0.0,0.0,3.0,1468620.0,0.0,0.0,3.0,1468620.0,0.0,0.0,3.0,1468620.0,0.0,0.0,3.0,1532520.0,0.0,0.0,3.0,1532520.0,0.0,0.0,3.0,1532520.0,0.0,0.0,3,1532520.0,0.0,0.0
오르킴코리아,903840,3.0,758320.0,0.0,0.0,3.0,758320.0,0.0,0.0,3.0,758320.0,0.0,0.0,3.0,758320.0,0.0,0.0,3.0,758320.0,0.0,0.0,3.0,758320.0,0.0,0.0,3.0,758320.0,0.0,0.0,3.0,758320.0,0.0,0.0,3.0,929960.0,0.0,0.0,3.0,929960.0,0.0,0.0,3.0,929960.0,0.0,0.0,3,929960.0,0.0,0.0
오하우스코퍼레이션한국사무소,905840,5.0,1758220.0,0.0,0.0,5.0,1758220.0,0.0,0.0,5.0,1758220.0,0.0,0.0,5.0,1758220.0,0.0,0.0,5.0,1758220.0,0.0,0.0,5.0,1758220.0,0.0,0.0,5.0,1758220.0,0.0,0.0,5.0,1758220.0,0.0,0.0,5.0,1640240.0,0.0,1.0,4.0,1410020.0,0.0,0.0,5.0,1635020.0,1.0,0.0,5,1635020.0,0.0,1.0
올람인터내셔널리미티드한국연락사무소,908840,4.0,1856240.0,0.0,0.0,4.0,1856240.0,0.0,0.0,4.0,1856240.0,0.0,0.0,4.0,1856240.0,0.0,0.0,4.0,1856240.0,0.0,0.0,4.0,1856240.0,0.0,0.0,4.0,1856240.0,0.0,0.0,4.0,1856240.0,0.0,0.0,4.0,1898720.0,0.0,0.0,4.0,1898720.0,0.0,0.0,4.0,1898720.0,0.0,0.0,4,1898720.0,0.0,0.0
와이델릭코리아,904840,3.0,1087740.0,0.0,0.0,3.0,1087740.0,0.0,0.0,3.0,1087740.0,0.0,0.0,3.0,1087740.0,0.0,0.0,4.0,1277360.0,1.0,0.0,4.0,1277360.0,0.0,0.0,4.0,1277360.0,0.0,0.0,4.0,1335240.0,0.0,0.0,4.0,1409020.0,0.0,0.0,4.0,1409020.0,0.0,0.0,4.0,1409020.0,0.0,1.0,3,1133900.0,0.0,0.0
요미우리신문사서울지국(주),907840,4.0,1747960.0,0.0,0.0,4.0,1747960.0,0.0,0.0,4.0,1747960.0,0.0,0.0,4.0,1747960.0,0.0,0.0,4.0,1747960.0,0.0,0.0,4.0,1747960.0,0.0,0.0,4.0,1747960.0,0.0,0.0,4.0,1747960.0,0.0,0.0,4.0,1788100.0,0.0,0.0,4.0,1788100.0,0.0,0.0,4.0,1788100.0,0.0,0.0,4,1788100.0,0.0,0.0
웨이차이싱가폴대한민국대표연락사무소,902840,,,,,3.0,1139940.0,1.0,0.0,3.0,1139940.0,0.0,0.0,3.0,1139940.0,0.0,0.0,3.0,1139940.0,0.0,0.0,3.0,1139940.0,0.0,1.0,,,,,,,,,,,,,,,,,,,,,0,,,
위즈메탁푸드 주식회사 서울주재원사무소,906840,4.0,1698200.0,0.0,0.0,4.0,1698200.0,0.0,0.0,4.0,1698200.0,0.0,0.0,5.0,2253500.0,1.0,0.0,5.0,2253500.0,0.0,0.0,5.0,2253500.0,0.0,0.0,5.0,2253500.0,0.0,0.0,5.0,2253500.0,0.0,0.0,5.0,2378500.0,0.0,0.0,5.0,2378500.0,0.0,0.0,5.0,2378500.0,0.0,0.0,5,2378500.0,0.0,0.0
유라제오 글로벌 인베스터 한국사무소,904840,,,,,,,,,,,,,,,,,,,,,4.0,1895940.0,0.0,0.0,4.0,1895940.0,0.0,1.0,3.0,1665900.0,0.0,0.0,3.0,1719900.0,0.0,0.0,3.0,1719900.0,0.0,0.0,3.0,1719900.0,0.0,0.0,3,1719900.0,0.0,0.0
유라제오 인베스트먼트 매니저 한국사무소,904840,3.0,1665900.0,0.0,0.0,3.0,1665900.0,0.0,0.0,4.0,1895940.0,1.0,0.0,4.0,1895940.0,0.0,0.0,4.0,1895940.0,0.0,0.0,,,,,,,,,,,,,,,,,,,,,,,,,0,,,
유에스소이빈엑스포트카운슬(영업소),906840,3.0,1491740.0,0.0,0.0,3.0,1491740.0,0.0,0.0,3.0,1491740.0,0.0,0.0,3.0,1491740.0,0.0,0.0,3.0,1491740.0,0.0,0.0,3.0,1491740.0,0.0,0.0,3.0,1491740.0,0.0,0.0,3.0,1491740.0,0.0,0.0,3.0,1600100.0,0.0,0.0,3.0,1600100.0,0.0,0.0,3.0,1600100.0,0.0,0.0,3,1600100.0,0.0,0.0
이노룩스코퍼레이션한국사무소,904840,6.0,3065300.0,0.0,0.0,6.0,3065300.0,0.0,0.0,6.0,3065300.0,0.0,0.0,6.0,3065300.0,0.0,0.0,6.0,3065300.0,0.0,0.0,6.0,3065300.0,0.0,0.0,6.0,3065300.0,0.0,0.0,6.0,3065300.0,0.0,0.0,6.0,3262320.0,0.0,0.0,6.0,3262320.0,0.0,0.0,6.0,3262320.0,0.0,0.0,6,3262320.0,0.0,0.0
이노베이션 한국연락사무소,910840,3.0,586800.0,0.0,0.0,3.0,586800.0,0.0,0.0,3.0,586800.0,0.0,1.0,,,,,,,,,,,,,,,,,,,,,,,,,,,,,,,,,0,,,
이노스펙리미티드,909840,,,,,,,,,,,,,3.0,1665900.0,3.0,0.0,3.0,1665900.0,0.0,0.0,3.0,1665900.0,0.0,0.0,3.0,1665900.0,0.0,0.0,3.0,1665900.0,0.0,0.0,3.0,1719900.0,0.0,0.0,3.0,1719900.0,0.0,0.0,3.0,1719900.0,0.0,0.0,3,1719900.0,0.0,0.0
이노스펙퓨얼스페셜티스리미티드,909840,,,,,3.0,1665900.0,2.0,3.0,,,,,0.0,0.0,0.0,0.0,,,,,,,,,,,,,,,,,,,,,,,,,,,,,0,,,
이잉크홀딩스(주)한국사무소,908840,4.0,2181240.0,0.0,0.0,4.0,2181240.0,0.0,0.0,4.0,2181240.0,0.0,0.0,4.0,2181240.0,0.0,0.0,4.0,2181240.0,0.0,0.0,4.0,2181240.0,0.0,0.0,4.0,2181240.0,0.0,0.0,4.0,2181240.0,0.0,0.0,4.0,2225780.0,0.0,0.0,4.0,2225780.0,0.0,0.0,4.0,2225780.0,0.0,0.0,4,2225780.0,0.0,0.0
이터널머티리얼즈한국사무소,910840,4.0,1816820.0,0.0,0.0,4.0,1816820.0,0.0,0.0,4.0,1816820.0,0.0,0.0,4.0,1816820.0,0.0,0.0,4.0,1816820.0,0.0,0.0,4.0,1816820.0,0.0,0.0,4.0,1816820.0,0.0,0.0,4.0,1816820.0,0.0,0.0,4.0,1876580.0,0.0,0.0,4.0,1876580.0,0.0,0.0,4.0,1876580.0,0.0,0.0,4,1876580.0,0.0,0.0
인도네시아자바컬러테크,908840,,,,,,,,,,,,,,,,,3.0,1052620.0,1.0,0.0,3.0,1052620.0,0.0,0.0,3.0,1052620.0,0.0,0.0,3.0,1052620.0,0.0,0.0,3.0,1046780.0,0.0,0.0,3.0,1046780.0,0.0,0.0,3.0,1046780.0,0.0,1.0,0,,,
인뷰시큐리티프로덕트인코포레이티드(한국연락사무소),907840,3.0,1665900.0,0.0,0.0,3.0,1665900.0,0.0,0.0,3.0,1665900.0,0.0,0.0,3.0,1665900.0,0.0,0.0,3.0,1665900.0,0.0,0.0,3.0,1665900.0,0.0,0.0,3.0,1665900.0,0.0,0.0,3.0,1665900.0,0.0,0.0,3.0,1719900.0,0.0,0.0,3.0,1719900.0,0.0,0.0,3.0,1719900.0,0.0,0.0,3,1719900.0,0.0,0.0
인텐자피트니스코리아(IntenzaFitnessKorea),905840,4.0,1629440.0,0.0,0.0,4.0,1629440.0,0.0,0.0,4.0,1629440.0,0.0,0.0,4.0,1629440.0,0.0,0.0,4.0,1629440.0,0.0,0.0,4.0,1629440.0,0.0,0.0,4.0,1629440.0,0.0,0.0,4.0,1629440.0,0.0,0.0,4.0,1721320.0,0.0,0.0,4.0,1721320.0,0.0,0.0,4.0,1721320.0,0.0,0.0,4,1721320.0,0.0,0.0
인투유니버시티파트너쉽스한국,901840,8.0,3471100.0,0.0,0.0,8.0,3471100.0,0.0,0.0,8.0,3471100.0,0.0,0.0,8.0,3471100.0,0.0,0.0,8.0,3471100.0,0.0,0.0,8.0,3471100.0,0.0,0.0,8.0,3471100.0,0.0,0.0,8.0,3471100.0,0.0,0.0,8.0,3789360.0,0.0,0.0,8.0,3789360.0,0.0,0.0,8.0,3789360.0,0.0,0.0,8,3789360.0,0.0,2.0
일반사단법인홋카이도무역물산진흥회서울사무소,908840,3.0,855620.0,0.0,0.0,3.0,855620.0,0.0,0.0,3.0,855620.0,0.0,0.0,3.0,855620.0,0.0,0.0,3.0,855620.0,0.0,0.0,3.0,855620.0,0.0,0.0,3.0,855620.0,0.0,0.0,3.0,855620.0,0.0,0.0,3.0,951740.0,0.0,0.0,3.0,951740.0,0.0,0.0,3.0,951740.0,0.0,0.0,3,951740.0,0.0,0.0
일반재단법인자치체국제화협회서울사무소,901840,3.0,608480.0,0.0,0.0,3.0,608480.0,0.0,0.0,3.0,608480.0,0.0,0.0,,,,,,,,,,,,,,,,,,,,,,,,,,,,,,,,,0,,,
일본국제상선 부산연락사무소,910840,3.0,802880.0,0.0,0.0,3.0,802880.0,0.0,0.0,3.0,802880.0,0.0,0.0,3.0,802880.0,0.0,0.0,3.0,802880.0,0.0,0.0,3.0,802880.0,0.0,0.0,3.0,802880.0,0.0,0.0,3.0,802880.0,0.0,0.0,3.0,836000.0,0.0,0.0,3.0,836000.0,0.0,1.0,,,,,0,,,
일본지방자치단체국제화협회 서울사무소,901840,,,,,,,,,,,,,3.0,608480.0,0.0,0.0,3.0,608480.0,0.0,0.0,3.0,608480.0,0.0,0.0,3.0,608480.0,0.0,0.0,3.0,608480.0,0.0,0.0,3.0,858220.0,0.0,0.0,3.0,858220.0,0.0,0.0,3.0,858220.0,0.0,0.0,3,858220.0,0.0,0.0
제노스코 코리아(GENOSCO KOREA),908840,,,,,,,,,,,,,,,,,3.0,1398600.0,1.0,0.0,3.0,1398600.0,0.0,0.0,3.0,1398600.0,0.0,0.0,3.0,1398600.0,0.0,0.0,3.0,1434600.0,0.0,0.0,3.0,1434600.0,0.0,0.0,3.0,1434600.0,0.0,0.0,3,1434600.0,0.0,1.0
제트브리지한국사무소,909840,11.0,6026660.0,2.0,0.0,11.0,6026660.0,0.0,0.0,11.0,6026660.0,0.0,0.0,11.0,6026660.0,0.0,0.0,12.0,6581960.0,1.0,0.0,12.0,6304300.0,0.0,0.0,12.0,6304300.0,0.0,0.0,12.0,6304300.0,0.0,0.0,12.0,6326540.0,0.0,0.0,12.0,6326540.0,0.0,0.0,12.0,6326540.0,0.0,0.0,12,6326540.0,0.0,0.0
존디어(싱가포르)서비스한국연락사무소,910840,3.0,1665900.0,0.0,0.0,3.0,1665900.0,0.0,0.0,3.0,1665900.0,0.0,0.0,3.0,1665900.0,0.0,0.0,3.0,1665900.0,0.0,0.0,3.0,1665900.0,0.0,0.0,3.0,1665900.0,0.0,0.0,3.0,1665900.0,0.0,0.0,3.0,1719900.0,0.0,0.0,3.0,1719900.0,0.0,0.0,3.0,1719900.0,0.0,0.0,3,1719900.0,0.0,0.0
주식회사JTCIR사무소,909840,3.0,882880.0,0.0,0.0,3.0,882880.0,0.0,0.0,3.0,882880.0,0.0,0.0,3.0,882880.0,0.0,0.0,3.0,882880.0,0.0,0.0,3.0,882880.0,0.0,0.0,3.0,882880.0,0.0,0.0,3.0,882880.0,0.0,0.0,3.0,887920.0,0.0,0.0,3.0,887920.0,0.0,0.0,3.0,887920.0,0.0,0.0,3,887920.0,0.0,0.0
주식회사TBS텔레비서울지국,909840,8.0,3113800.0,0.0,0.0,8.0,3113800.0,0.0,0.0,8.0,3113800.0,0.0,0.0,8.0,3113800.0,0.0,1.0,8.0,3264540.0,1.0,0.0,8.0,3264540.0,0.0,0.0,8.0,3264540.0,0.0,0.0,8.0,3264540.0,0.0,0.0,8.0,3530480.0,0.0,0.0,8.0,3530480.0,0.0,0.0,8.0,3530480.0,0.0,0.0,8,3530480.0,0.0,0.0
주식회사스즈켄연락사무소,905840,4.0,1824200.0,0.0,0.0,4.0,1824200.0,0.0,0.0,4.0,1824200.0,0.0,0.0,4.0,1824200.0,0.0,0.0,4.0,1824200.0,0.0,0.0,4.0,1824200.0,0.0,0.0,4.0,1824200.0,0.0,0.0,4.0,1824200.0,0.0,0.0,4.0,2090420.0,0.0,0.0,4.0,2090420.0,0.0,0.0,4.0,2090420.0,0.0,0.0,4,2090420.0,0.0,0.0
주식회사아다스트리아한국사무소,906840,3.0,912780.0,0.0,0.0,3.0,912780.0,0.0,0.0,3.0,912780.0,0.0,0.0,3.0,912780.0,0.0,0.0,3.0,912780.0,0.0,0.0,3.0,912780.0,0.0,0.0,3.0,912780.0,0.0,0.0,3.0,912780.0,0.0,0.0,3.0,950460.0,0.0,0.0,3.0,950460.0,0.0,0.0,3.0,950460.0,0.0,0.0,3,950460.0,0.0,0.0
주식회사엔엔에이(NNA)서울지국,906840,3.0,996280.0,0.0,0.0,3.0,996280.0,0.0,0.0,3.0,996280.0,0.0,0.0,3.0,996280.0,0.0,0.0,3.0,996280.0,0.0,0.0,3.0,996280.0,0.0,0.0,3.0,996280.0,0.0,0.0,3.0,996280.0,0.0,0.0,3.0,1047040.0,0.0,0.0,3.0,1047040.0,0.0,0.0,3.0,1047040.0,0.0,0.0,3,1047040.0,0.0,0.0
지아이빌페이서비스코리아,904840,7.0,1918760.0,0.0,0.0,7.0,1918760.0,0.0,1.0,6.0,1702760.0,0.0,0.0,6.0,1702760.0,0.0,0.0,6.0,1702760.0,0.0,0.0,7.0,1918760.0,1.0,0.0,7.0,1931360.0,0.0,0.0,7.0,1931360.0,0.0,0.0,7.0,2033620.0,0.0,1.0,6.0,1649680.0,0.0,0.0,6.0,1649680.0,0.0,0.0,6,1649680.0,0.0,0.0
지에스티시아시아퍼시픽(GSTCAsiaPacific),901840,4.0,1267740.0,0.0,0.0,4.0,1267740.0,0.0,0.0,4.0,1267740.0,0.0,0.0,5.0,1475720.0,1.0,0.0,6.0,1702520.0,1.0,0.0,6.0,1702520.0,0.0,0.0,6.0,1702520.0,0.0,0.0,6.0,1702520.0,0.0,0.0,7.0,2074300.0,1.0,0.0,7.0,2074300.0,0.0,0.0,7.0,2074300.0,0.0,0.0,7,2074300.0,0.0,1.0
카타르에너지 엘엔지 한국사무소,905840,5.0,2387940.0,0.0,0.0,5.0,2387940.0,0.0,0.0,5.0,2387940.0,0.0,0.0,5.0,2387940.0,0.0,0.0,5.0,2387940.0,0.0,0.0,5.0,2387940.0,0.0,0.0,5.0,2387940.0,0.0,0.0,,,,,,,,,,,,,,,,,0,0.0,0.0,0.0
캐논한국연락사무소,907840,,,,,,,,,,,,,,,,,,,,,,,,,,,,,,,,,,,,,3.0,1113560.0,1.0,1.0,,,,,0,,,
케이스위스시아먼스포츠프로덕트유한회사대한민국연락사무소,905840,4.0,2035520.0,0.0,0.0,6.0,3086880.0,2.0,0.0,6.0,3086880.0,0.0,0.0,6.0,3086880.0,0.0,0.0,6.0,3086880.0,0.0,0.0,6.0,3086880.0,0.0,0.0,6.0,3086880.0,0.0,0.0,6.0,3086880.0,0.0,0.0,7.0,3618080.0,1.0,1.0,6.0,3222080.0,0.0,0.0,6.0,3222080.0,0.0,1.0,6,3219200.0,1.0,0.0
코리아퓨처이니셔티브,902840,5.0,1821680.0,0.0,4.0,,,,,,,,,,,,,,,,,0.0,0.0,0.0,0.0,,,,,,,,,,,,,,,,,,,,,0,,,
코메르츠은행서울사무소,902840,3.0,1610100.0,1.0,0.0,3.0,1610100.0,0.0,0.0,3.0,1610100.0,0.0,0.0,3.0,1610100.0,0.0,0.0,3.0,1610100.0,0.0,0.0,3.0,1610100.0,0.0,0.0,3.0,1562040.0,0.0,0.0,3.0,1562040.0,0.0,0.0,3.0,1616660.0,0.0,0.0,3.0,1616660.0,0.0,0.0,3.0,1664820.0,0.0,0.0,3,1621620.0,0.0,0.0
코코네브이(coconeV)부산지사,905840,11.0,3011180.0,2.0,0.0,11.0,3011180.0,0.0,0.0,12.0,3448220.0,1.0,0.0,12.0,3448220.0,0.0,2.0,10.0,2980140.0,0.0,10.0,0.0,0.0,0.0,0.0,,,,,,,,,,,,,,,,,,,,,0,,,
콴타스토리지 한국사무소,907840,5.0,1479680.0,0.0,0.0,5.0,1479680.0,0.0,0.0,5.0,1479680.0,0.0,0.0,5.0,1479680.0,0.0,0.0,5.0,1479680.0,0.0,0.0,5.0,1479680.0,0.0,0.0,5.0,1479680.0,0.0,0.0,5.0,1479680.0,0.0,0.0,5.0,1538260.0,0.0,0.0,5.0,1538260.0,0.0,0.0,5.0,1538260.0,0.0,0.0,5,1538260.0,0.0,0.0
쿼드팩아시아파시픽리미티드(QuadpackAsiaPacificLimited)연락사무소,902840,4.0,1758240.0,0.0,0.0,4.0,1758240.0,0.0,0.0,4.0,1758240.0,0.0,0.0,4.0,1758240.0,0.0,0.0,4.0,1758240.0,0.0,0.0,4.0,1758240.0,0.0,0.0,4.0,1758240.0,0.0,0.0,4.0,1758240.0,0.0,0.0,4.0,1838140.0,0.0,1.0,3.0,1264840.0,0.0,0.0,3.0,1264840.0,0.0,0.0,3,1264840.0,0.0,0.0
크레스톤일렉트로닉스아팩리미티드(연락사무소),903840,3.0,1665900.0,0.0,0.0,3.0,1665900.0,0.0,0.0,3.0,1665900.0,0.0,0.0,3.0,1665900.0,0.0,0.0,3.0,1665900.0,0.0,0.0,3.0,1665900.0,0.0,0.0,3.0,1665900.0,0.0,0.0,3.0,1665900.0,0.0,0.0,3.0,1719900.0,0.0,0.0,3.0,1719900.0,0.0,0.0,3.0,1719900.0,0.0,0.0,4,2102400.0,1.0,0.0
크리스티맨슨앤드우즈리미티드,901840,4.0,1747880.0,0.0,1.0,3.0,1373480.0,0.0,0.0,3.0,1373480.0,0.0,0.0,3.0,1373480.0,0.0,0.0,3.0,1373480.0,0.0,0.0,3.0,1373480.0,0.0,1.0,,,,,,,,,,,,,,,,,,,,,0,,,
타이베이 푸본 상업은행 서울 대표사무소,906840,,,,,,,,,,,,,,,,,,,,,,,,,,,,,,,,,3.0,1578600.0,3.0,0.0,3.0,1578600.0,0.0,0.0,3.0,1578600.0,0.0,0.0,3,1578600.0,0.0,0.0
터치네틱스한국연락사무소,901840,10.0,3409060.0,0.0,0.0,10.0,3409060.0,0.0,0.0,11.0,3598060.0,1.0,0.0,11.0,3598060.0,0.0,0.0,11.0,3598060.0,0.0,0.0,11.0,3598060.0,0.0,0.0,11.0,3598060.0,0.0,1.0,10.0,3361280.0,0.0,0.0,10.0,3461900.0,0.0,0.0,10.0,3461900.0,0.0,0.0,10.0,3461900.0,0.0,0.0,10,3461900.0,0.0,0.0
토론토도미니언은행서울사무소,904840,,,,,,,,,,,,,3.0,1517400.0,1.0,0.0,3.0,1482300.0,0.0,1.0,,,,,,,,,,,,,,,,,,,,,,,,,0,,,
토탈에너지스가스벤처스코리아에스에이에스,908840,5.0,2611080.0,0.0,0.0,5.0,2611080.0,0.0,0.0,5.0,2611080.0,0.0,0.0,5.0,2611080.0,0.0,0.0,5.0,2611080.0,0.0,0.0,5.0,2611080.0,0.0,0.0,5.0,2611080.0,0.0,1.0,4.0,2055780.0,0.0,0.0,4.0,2152420.0,0.0,0.0,4.0,2152420.0,0.0,0.0,4.0,2152420.0,0.0,0.0,4,2152420.0,0.0,0.0
토플론사이언스앤드테크놀로지그룹주식회사한국사무소,910840,4.0,1635460.0,0.0,0.0,4.0,1635460.0,0.0,1.0,3.0,1194380.0,0.0,0.0,3.0,1194380.0,0.0,0.0,4.0,1659320.0,1.0,0.0,4.0,1659320.0,0.0,0.0,4.0,1659320.0,0.0,0.0,4.0,1659320.0,0.0,0.0,4.0,1755260.0,0.0,0.0,4.0,1755260.0,0.0,0.0,4.0,1755260.0,0.0,1.0,3,1254320.0,0.0,0.0
트리니온 아메리카(주) 한국사무소,908840,3.0,681280.0,0.0,0.0,3.0,681280.0,0.0,0.0,3.0,681280.0,0.0,0.0,3.0,681280.0,0.0,0.0,3.0,681280.0,0.0,0.0,3.0,681280.0,0.0,0.0,3.0,681280.0,0.0,0.0,3.0,681280.0,0.0,0.0,4.0,1302740.0,1.0,1.0,3.0,729440.0,0.0,0.0,3.0,729440.0,0.0,0.0,3,729440.0,0.0,0.0
트리니온멕시코(주)한국사무소,905840,3.0,681460.0,0.0,0.0,3.0,681460.0,0.0,0.0,3.0,681460.0,0.0,0.0,3.0,681460.0,0.0,0.0,3.0,681460.0,0.0,0.0,3.0,681460.0,0.0,0.0,3.0,681460.0,0.0,0.0,3.0,681460.0,0.0,0.0,4.0,1302640.0,1.0,1.0,3.0,729340.0,0.0,0.0,3.0,729340.0,0.0,0.0,3,729340.0,0.0,0.0
티더블유피사우스코리아엘엘씨한국사무소,901840,13.0,6781480.0,0.0,0.0,13.0,6781480.0,0.0,1.0,12.0,6226180.0,0.0,0.0,12.0,6226180.0,0.0,0.0,12.0,6226180.0,0.0,0.0,12.0,6226180.0,0.0,1.0,11.0,5670880.0,0.0,0.0,12.0,6226180.0,1.0,1.0,11.0,5867620.0,0.0,0.0,11.0,5867620.0,0.0,0.0,11.0,5867620.0,0.0,0.0,11,5867620.0,0.0,0.0
티브이티코리아(TVTKOREA),909840,3.0,763280.0,0.0,0.0,3.0,763280.0,0.0,0.0,3.0,763280.0,0.0,0.0,3.0,763280.0,0.0,0.0,3.0,763280.0,0.0,0.0,3.0,763280.0,0.0,0.0,3.0,763280.0,0.0,0.0,3.0,763280.0,0.0,0.0,3.0,818260.0,0.0,0.0,3.0,818260.0,0.0,0.0,3.0,818260.0,0.0,0.0,3,818260.0,0.0,0.0
파나코 로지스틱코리아,901840,4.0,913580.0,0.0,0.0,4.0,913580.0,0.0,0.0,4.0,913580.0,0.0,1.0,3.0,736100.0,0.0,0.0,3.0,736100.0,0.0,0.0,4.0,1130560.0,1.0,0.0,4.0,1130560.0,0.0,0.0,4.0,1130560.0,0.0,0.0,4.0,1159360.0,0.0,0.0,4.0,1159360.0,0.0,0.0,4.0,1159360.0,0.0,0.0,4,1159360.0,0.0,0.0
파인스인터내셔날아카데미INC서울사무소,907840,5.0,1050340.0,0.0,0.0,5.0,1050340.0,0.0,0.0,5.0,1050340.0,0.0,0.0,5.0,1050340.0,0.0,0.0,5.0,1050340.0,0.0,0.0,5.0,1050340.0,0.0,0.0,5.0,1050340.0,0.0,0.0,5.0,1050340.0,0.0,0.0,5.0,1035420.0,0.0,0.0,5.0,1035420.0,0.0,1.0,4.0,867400.0,0.0,0.0,4,867400.0,0.0,0.0
판세미반도체코리아,903840,6.0,2594500.0,0.0,0.0,6.0,2594500.0,0.0,0.0,6.0,2594500.0,0.0,0.0,6.0,2594500.0,0.0,0.0,6.0,2647240.0,0.0,0.0,7.0,3202540.0,1.0,0.0,7.0,3202540.0,0.0,0.0,7.0,3202540.0,0.0,0.0,7.0,3374620.0,0.0,0.0,7.0,3374620.0,0.0,0.0,7.0,3374620.0,0.0,0.0,7,3374620.0,0.0,0.0
팬오션 트레이딩&로지스틱스 피티이. 엘티디. (한국사무소),910840,6.0,2793580.0,0.0,0.0,6.0,2793580.0,0.0,0.0,6.0,2793580.0,0.0,0.0,6.0,2793580.0,0.0,0.0,6.0,2793580.0,0.0,0.0,6.0,2793580.0,0.0,0.0,6.0,2793580.0,0.0,0.0,6.0,2793580.0,0.0,0.0,6.0,3090760.0,0.0,0.0,7.0,3402340.0,1.0,0.0,7.0,3402340.0,0.0,0.0,7,3402340.0,0.0,0.0
펀드포폴리시리폼인크 한국사무소,903840,6.0,3331800.0,0.0,0.0,6.0,3331800.0,0.0,0.0,6.0,3331800.0,0.0,0.0,7.0,3887100.0,1.0,0.0,7.0,3887100.0,0.0,0.0,7.0,3887100.0,0.0,0.0,7.0,3887100.0,0.0,0.0,7.0,3887100.0,0.0,0.0,7.0,4013100.0,0.0,0.0,7.0,4013100.0,0.0,0.0,7.0,4013100.0,0.0,0.0,7,4013100.0,0.0,0.0
페가수스석유화학아시아리미티드한국사무소,904840,4.0,2102040.0,0.0,0.0,4.0,2102040.0,0.0,0.0,4.0,2102040.0,0.0,0.0,4.0,2102040.0,0.0,0.0,4.0,2102040.0,0.0,0.0,4.0,2102040.0,0.0,0.0,4.0,2102040.0,0.0,0.0,4.0,2102040.0,0.0,0.0,4.0,2192940.0,0.0,0.0,4.0,2192940.0,0.0,0.0,4.0,2192940.0,0.0,0.0,4,2192940.0,0.0,0.0
폴리플랙스（태국）피엘씨　한국연락사무소,903840,,,,,,,,,,,,,,,,,,,,,,,,,,,,,,,,,,,,,,,,,3.0,1664640.0,1.0,0.0,3,1664640.0,0.0,0.0
프리드리히에버트재단,908840,3.0,1320560.0,0.0,0.0,3.0,1320560.0,0.0,0.0,3.0,1320560.0,0.0,0.0,4.0,1545560.0,1.0,0.0,4.0,1545560.0,0.0,0.0,4.0,1545560.0,0.0,0.0,4.0,1545560.0,0.0,0.0,4.0,1545560.0,0.0,0.0,4.0,1597660.0,0.0,0.0,4.0,1597660.0,0.0,0.0,4.0,1597660.0,0.0,0.0,4,1597660.0,0.0,0.0
프린시펄글로벌인베스터스홀딩컴퍼니(유에스) 엘엘씨,910840,,,,,3.0,1665900.0,1.0,0.0,3.0,1665900.0,0.0,0.0,3.0,1665900.0,0.0,0.0,3.0,1665900.0,0.0,0.0,3.0,1665900.0,0.0,0.0,3.0,1665900.0,0.0,0.0,3.0,1665900.0,0.0,0.0,3.0,1719900.0,0.0,0.0,3.0,1719900.0,0.0,3.0,0.0,0.0,0.0,0.0,0,,,
피듀시어리테크코리아,902840,8.0,2879060.0,1.0,0.0,8.0,2879060.0,0.0,1.0,7.0,2597100.0,0.0,0.0,7.0,2597100.0,0.0,2.0,5.0,1843000.0,0.0,0.0,6.0,2124960.0,1.0,3.0,3.0,775340.0,0.0,0.0,3.0,775340.0,0.0,0.0,3.0,803240.0,0.0,0.0,3.0,803240.0,0.0,0.0,3.0,803240.0,0.0,0.0,3,803240.0,0.0,0.0
피세미코퍼레이션(pSemi Corportaion),909840,6.0,3331800.0,0.0,0.0,6.0,3331800.0,0.0,0.0,6.0,3331800.0,0.0,0.0,6.0,3331800.0,0.0,0.0,6.0,3331800.0,0.0,0.0,6.0,3331800.0,0.0,0.0,6.0,3331800.0,0.0,0.0,6.0,3331800.0,0.0,0.0,6.0,3439800.0,0.0,0.0,6.0,3439800.0,0.0,0.0,6.0,3439800.0,0.0,0.0,6,3439800.0,0.0,0.0
피에프(PF)한국연락사무소,905840,3.0,443880.0,0.0,0.0,3.0,443880.0,0.0,0.0,3.0,443880.0,0.0,0.0,3.0,443880.0,0.0,0.0,3.0,443880.0,0.0,1.0,,,,,,,,,,,,,,,,,,,,,,,,,0,,,
하이롱코리아(HAI LONG CONSTRUCTION JSC),902840,6.0,2595140.0,0.0,0.0,6.0,2595140.0,0.0,4.0,,,,,,,,,,,,,,,,,,,,,,,,,,,,,0.0,0.0,0.0,0.0,,,,,0,,,
하이시스 인터내셔널 코리아(Hiseas International Korea),907840,4.0,1359000.0,1.0,0.0,4.0,1359000.0,0.0,0.0,4.0,1359000.0,0.0,0.0,5.0,1602000.0,1.0,0.0,5.0,1602000.0,0.0,5.0,,,,,,,,,,,,,,,,,0.0,0.0,0.0,0.0,,,,,0,,,
하이테라커뮤니케이션(주)한국연락사무소,901840,5.0,2469500.0,0.0,0.0,5.0,2469500.0,0.0,1.0,4.0,1914200.0,0.0,0.0,5.0,2211200.0,1.0,0.0,5.0,2211200.0,0.0,0.0,5.0,2211200.0,0.0,0.0,5.0,2211200.0,0.0,0.0,5.0,2211200.0,0.0,0.0,5.0,2304900.0,0.0,0.0,5.0,2304900.0,0.0,0.0,5.0,2304900.0,0.0,0.0,5,2304900.0,0.0,1.0
하인리히뵐재단한국사무소,905840,5.0,1498380.0,1.0,0.0,6.0,1795280.0,1.0,0.0,6.0,1795280.0,0.0,0.0,6.0,1795280.0,0.0,0.0,6.0,1795280.0,0.0,0.0,6.0,1795280.0,0.0,0.0,6.0,1795280.0,0.0,0.0,6.0,1795280.0,0.0,0.0,6.0,1916140.0,0.0,0.0,6.0,1916140.0,0.0,0.0,6.0,1916140.0,0.0,0.0,6,1916140.0,0.0,0.0
한독상공회,907840,6.0,2495680.0,0.0,0.0,6.0,2495680.0,0.0,1.0,5.0,1940380.0,0.0,0.0,5.0,1940380.0,0.0,0.0,5.0,1940380.0,0.0,1.0,4.0,1614760.0,0.0,1.0,3.0,1445480.0,0.0,0.0,3.0,1445480.0,0.0,0.0,4.0,2069440.0,1.0,0.0,4.0,2069440.0,0.0,0.0,4.0,2069440.0,0.0,0.0,4,2069440.0,0.0,0.0
한스자이델재단,905840,5.0,1263120.0,1.0,0.0,5.0,1263120.0,0.0,0.0,5.0,1263120.0,0.0,0.0,5.0,1263120.0,0.0,0.0,5.0,1263120.0,0.0,0.0,5.0,1263120.0,0.0,0.0,5.0,1263120.0,0.0,1.0,4.0,998340.0,0.0,0.0,4.0,1032740.0,0.0,0.0,4.0,1032740.0,0.0,0.0,4.0,1032740.0,0.0,0.0,4,1032740.0,0.0,0.0
해피툭주식회사(HAPPYTUKCo. LTD),901840,8.0,2714260.0,0.0,0.0,8.0,2714260.0,0.0,0.0,8.0,2714260.0,0.0,0.0,8.0,2714260.0,0.0,0.0,8.0,2714260.0,0.0,6.0,,,,,,,,,,,,,3.0,1528920.0,1.0,0.0,3.0,1528920.0,0.0,1.0,,,,,0,,,
호남중위정원신재료무역유한회사한국연락사무소,908840,4.0,1483460.0,0.0,1.0,3.0,1206620.0,0.0,0.0,3.0,1206620.0,0.0,0.0,3.0,1206620.0,0.0,0.0,3.0,1206620.0,0.0,0.0,3.0,1206620.0,0.0,0.0,3.0,1206620.0,0.0,0.0,3.0,1206620.0,0.0,0.0,3.0,1407320.0,0.0,0.0,3.0,1407320.0,0.0,0.0,3.0,1407320.0,0.0,0.0,3,1407320.0,0.0,0.0
호주축산공사한국사무소,910840,5.0,2392440.0,0.0,0.0,6.0,2689440.0,1.0,0.0,6.0,2689440.0,0.0,0.0,6.0,2689440.0,0.0,0.0,6.0,2689440.0,0.0,0.0,6.0,2689440.0,0.0,0.0,6.0,2689440.0,0.0,0.0,6.0,2689440.0,0.0,0.0,6.0,2836420.0,0.0,0.0,6.0,2836420.0,0.0,0.0,6.0,2836420.0,0.0,0.0,6,2836420.0,0.0,0.0
홍콩무역발전국,904840,5.0,2195440.0,0.0,0.0,5.0,2195440.0,0.0,0.0,5.0,2195440.0,0.0,0.0,5.0,2195440.0,0.0,0.0,5.0,2195440.0,0.0,0.0,5.0,2195440.0,0.0,0.0,5.0,2195440.0,0.0,0.0,5.0,2195440.0,0.0,0.0,5.0,2384700.0,0.0,0.0,5.0,2384700.0,0.0,0.0,5.0,2384700.0,0.0,0.0,5,2384700.0,0.0,0.0
홍콩엘티사무소,910840,3.0,496520.0,0.0,0.0,3.0,496520.0,0.0,1.0,,,,,,,,,,,,,0.0,0.0,0.0,0.0,,,,,,,,,,,,,,,,,,,,,0,,,
흥징강철,909840,4.0,1620420.0,0.0,0.0,4.0,1620420.0,0.0,0.0,4.0,1620420.0,0.0,0.0,4.0,1620420.0,0.0,4.0,0.0,0.0,0.0,0.0,,,,,,,,,,,,,,,,,,,,,,,,,0,,,
（주）니혼게이자이신문서울지국,909840,5.0,2286360.0,0.0,0.0,5.0,2286360.0,0.0,0.0,5.0,2286360.0,0.0,0.0,5.0,2286360.0,0.0,0.0,5.0,2286360.0,0.0,0.0,5.0,2286360.0,0.0,0.0,5.0,2286360.0,0.0,0.0,5.0,2286360.0,0.0,0.0,5.0,2419100.0,0.0,0.0,5.0,2419100.0,0.0,0.0,5.0,2419100.0,0.0,0.0,5,2419100.0,0.0,0.0
（주）후지텔레비전서울지국,902840,7.0,3480100.0,0.0,0.0,7.0,3480100.0,0.0,0.0,7.0,3480100.0,0.0,0.0,7.0,3480100.0,0.0,0.0,7.0,3480100.0,0.0,0.0,7.0,3480100.0,0.0,0.0,7.0,3480100.0,0.0,0.0,7.0,3480100.0,0.0,0.0,7.0,3609980.0,0.0,0.0,7.0,3609980.0,0.0,0.0,7.0,3609980.0,0.0,0.0,7,3609980.0,0.0,0.0
